"user_id","course_id","required_activities_delay_1_week","required_activities_delay_2_week","required_activities_delay_3_week","required_activities_delay_4_week","required_activities_delay_5_week","required_activities_delay_6_week","required_activities_delay_7_week","required_activities_delay_8_week","required_activities_delay_9_week","required_activities_delay_10_week","success_required_done_1_week","success_required_done_2_week","success_required_done_3_week","success_required_done_4_week","success_required_done_5_week","success_required_done_6_week","success_required_done_7_week","success_required_done_8_week","success_required_done_9_week","success_required_done_10_week","mean_result_required_1_week","mean_result_required_2_week","mean_result_required_3_week","mean_result_required_4_week","mean_result_required_5_week","mean_result_required_6_week","mean_result_required_7_week","mean_result_required_8_week","mean_result_required_9_week","mean_result_required_10_week","cur_date_progress_1_week","cur_date_progress_2_week","cur_date_progress_3_week","cur_date_progress_4_week","cur_date_progress_5_week","cur_date_progress_6_week","cur_date_progress_7_week","cur_date_progress_8_week","cur_date_progress_9_week","cur_date_progress_10_week","current_progress_1_week","current_progress_2_week","current_progress_3_week","current_progress_4_week","current_progress_5_week","current_progress_6_week","current_progress_7_week","current_progress_8_week","current_progress_9_week","current_progress_10_week","end_status","real_course_progress","course_success"
71,82,2,19,59,125,210,320,458,624,810,1005,2,2,2,2,2,2,2,2,2,2,100,100,100,100,100,100,100,100,100,100,67,33,20,15,13,10,8,7,7,6,5,5,5,5,5,5,5,5,5,5,0,13,0
171,82,2,11,28,42,51,57,75,111,127,71,2,4,6,9,12,17,23,25,30,33,100,100,100,86,90,86,83,80,83,84,67,67,55,64,67,68,79,76,88,92,4,9,14,21,28,40,54,59,71,78,2,88,1
192,82,2,11,20,33,38,67,91,125,111,114,3,4,7,9,12,13,16,19,25,28,100,100,91,93,93,94,94,88,86,85,100,67,70,69,75,65,62,61,78,82,7,10,17,22,30,32,40,47,62,70,2,92,1
1165,82,2,11,33,67,81,105,191,308,385,389,4,4,5,6,9,12,12,12,14,18,100,100,98,98,98,97,97,97,96,88,133,67,50,46,56,55,44,39,44,53,10,10,12,15,22,30,30,30,35,45,1,57,1
1315,77,0,7,37,65,125,206,308,431,575,740,1,1,1,2,2,2,2,2,2,2,100,100,100,88,88,88,88,88,88,88,100,25,17,22,17,13,11,10,8,7,5,5,5,8,8,8,8,8,8,8,0,100,0
1540,76,0,5,2,12,0,3,0,6,5,34,6,8,16,51,69,77,80,84,91,92,98,99,93,81,84,87,88,89,90,90,120,73,89,81,100,96,100,95,97,92,5,6,13,44,60,67,69,73,79,80,2,100,1
1931,83,0,0,0,2,2,0,0,0,6,0,2,4,6,7,9,12,13,15,15,18,100,100,100,100,100,100,100,100,100,100,100,100,100,88,90,100,100,100,88,100,15,28,35,39,46,57,60,67,67,78,2,100,1
2010,77,0,0,9,2,11,20,59,119,200,200,1,4,4,8,9,11,11,11,11,14,100,100,100,100,97,97,97,97,97,98,100,100,67,89,75,73,61,52,46,52,8,17,21,37,40,45,45,45,45,52,1,97,1
2052,82,2,11,25,39,61,73,18,39,60,79,4,4,9,13,13,18,23,26,28,31,100,95,73,79,79,78,79,77,79,80,133,67,82,87,72,78,79,79,82,86,9,9,21,30,30,42,54,61,67,74,2,71,0
2259,83,0,0,2,15,42,60,106,168,244,104,3,4,5,5,5,6,6,6,6,12,100,100,100,100,100,100,100,100,100,100,150,100,83,63,50,50,43,38,33,63,17,26,32,32,32,35,35,35,35,54,2,100,1
2583,77,0,7,26,65,46,64,117,6,6,31,1,1,2,2,7,9,9,19,22,22,100,100,100,100,97,98,98,98,98,98,100,25,33,22,58,60,50,90,92,81,5,5,11,11,25,31,36,63,71,71,2,100,1
2692,82,2,11,39,71,73,58,74,63,58,65,2,5,5,7,11,17,20,27,32,34,78,78,78,89,88,81,86,86,88,88,67,71,42,47,58,74,74,84,97,97,4,12,12,17,26,41,48,65,78,82,2,100,1
2747,82,2,11,4,28,19,50,52,131,201,180,4,4,8,8,12,13,17,17,18,24,100,100,100,100,100,100,100,100,100,100,133,67,80,62,75,65,65,55,56,71,10,10,20,20,30,32,42,42,45,60,2,100,1
2783,82,2,11,24,62,101,130,219,336,473,619,2,5,7,7,8,10,10,10,10,10,100,75,83,83,86,88,88,88,88,88,67,71,64,50,47,48,40,34,33,31,5,13,18,18,21,26,26,26,26,26,1,26,0
2861,82,6,30,77,150,242,363,400,520,508,654,1,1,1,1,1,1,4,5,10,10,100,100,100,100,100,100,93,96,96,96,33,17,10,8,6,5,16,17,33,31,2,2,2,2,2,2,10,13,26,26,1,75,1
2864,82,2,11,37,89,160,256,380,532,704,885,2,5,5,5,5,5,5,5,5,5,100,67,67,67,67,67,67,67,67,67,67,71,45,36,29,24,20,17,17,16,5,13,13,13,13,13,13,13,13,13,0,17,0
2865,82,6,22,38,58,72,88,124,149,136,132,1,3,7,9,12,16,18,22,31,34,100,89,73,81,83,82,83,80,82,82,33,50,64,64,67,73,67,69,94,97,2,7,17,21,29,39,43,53,75,83,2,92,1
2872,83,6,6,15,26,60,42,38,31,42,58,0,2,3,4,4,7,9,11,12,13,0,100,100,100,100,100,100,100,100,100,0,50,50,50,40,58,69,73,71,72,0,14,18,27,27,37,44,51,55,58,2,83,1
2920,83,0,2,15,42,60,112,145,67,0,0,2,3,3,3,4,4,5,10,20,21,100,100,100,100,100,100,100,100,91,92,100,75,50,38,40,31,36,63,100,100,10,17,17,17,20,20,26,43,76,80,2,88,1
2921,83,0,10,19,60,115,129,79,15,0,0,3,3,5,5,5,7,11,16,23,24,67,33,56,56,67,61,63,72,73,75,100,50,50,42,36,44,65,84,100,100,12,15,21,21,24,30,44,58,79,82,2,75,1
2923,83,4,28,69,124,193,276,371,136,12,8,1,1,1,1,1,1,1,9,18,22,100,100,50,50,50,50,50,75,79,79,33,17,13,10,8,7,6,50,82,92,6,6,9,9,9,9,9,37,62,74,2,85,1
2925,83,0,10,37,78,133,202,281,371,86,132,2,2,2,2,2,2,2,2,12,12,100,100,50,50,50,50,50,50,67,67,100,40,29,22,18,15,14,13,67,63,14,14,14,14,14,14,14,14,53,53,2,46,0
2930,83,0,2,15,46,94,101,159,127,0,4,2,3,3,3,3,5,5,8,19,19,100,100,100,100,100,100,100,92,92,92,100,75,50,33,27,38,36,50,100,95,10,17,17,17,17,26,29,38,74,74,2,81,1
2939,83,0,8,24,58,88,143,208,97,152,39,4,4,5,5,6,6,6,11,11,20,67,67,78,78,67,67,72,76,76,81,100,57,56,45,46,40,38,61,55,95,17,17,24,24,32,32,32,50,50,78,2,83,1
2940,82,6,22,22,35,40,84,145,172,115,84,1,3,7,9,12,12,13,17,25,30,100,100,100,100,100,100,100,98,94,94,33,50,70,69,75,57,50,55,78,88,2,7,17,22,30,30,32,42,62,75,2,96,1
2948,82,2,19,16,58,129,156,195,142,203,146,2,2,6,7,7,10,13,20,22,32,100,80,83,73,73,77,73,73,70,72,67,33,55,44,37,40,45,57,61,84,4,4,13,15,15,22,29,45,50,72,2,100,1
2967,83,0,2,2,15,42,60,104,127,189,263,2,3,5,5,5,6,6,7,7,7,100,100,100,100,100,100,100,100,100,100,100,75,83,63,50,50,46,47,41,39,12,22,29,29,29,33,33,37,37,37,1,81,1
2968,83,6,6,15,26,60,108,166,235,318,413,0,2,3,4,4,4,4,4,4,4,0,100,100,100,100,100,100,100,100,100,0,50,50,50,40,33,31,27,24,22,4,18,22,25,25,25,25,25,25,25,0,70,1
2971,77,5,7,17,49,102,176,271,387,524,682,0,1,3,3,3,3,3,3,3,3,0,100,100,100,100,100,100,100,100,100,0,25,50,33,25,20,17,14,13,11,0,5,16,16,16,16,16,16,16,16,0,11,0
2975,82,6,22,46,91,144,233,350,421,388,474,1,3,4,5,6,6,6,8,13,14,100,100,93,93,94,94,94,90,92,93,33,50,40,36,35,29,24,28,43,44,2,7,10,13,15,15,15,21,34,36,1,39,0
2980,76,13,24,64,205,484,820,1198,1596,2048,2542,0,4,6,6,6,6,6,6,6,6,100,100,100,100,100,100,100,100,100,100,0,36,35,14,12,10,10,9,8,8,0,4,6,6,6,6,6,6,6,6,0,9,0
3001,77,0,3,26,18,50,103,177,272,388,525,1,2,2,6,6,6,6,6,6,6,100,100,100,100,100,100,100,100,100,100,100,50,33,67,50,40,33,29,25,22,5,8,13,25,25,25,25,25,25,25,0,92,1
3014,76,6,2,2,88,15,3,0,4,8,26,4,10,16,16,53,65,68,72,78,81,92,96,97,97,92,94,94,94,95,95,67,83,89,32,93,96,100,95,95,92,3,9,15,15,52,64,67,71,77,80,2,94,1
3031,83,0,2,6,26,42,83,134,196,272,360,2,3,4,4,5,5,5,5,5,5,100,100,100,100,100,100,100,100,100,100,100,75,67,50,50,42,38,33,29,28,12,19,23,23,29,29,29,29,29,29,0,21,0
3033,83,0,0,4,0,0,0,2,0,0,0,2,4,5,9,11,13,13,16,19,19,100,100,86,89,91,92,92,94,94,94,100,100,71,100,100,100,93,100,106,100,11,22,28,42,50,57,57,67,78,78,2,100,1
3050,82,6,34,79,160,266,397,363,508,477,517,1,1,2,2,2,2,8,8,12,15,100,100,100,67,67,67,71,77,73,73,33,14,18,13,11,9,30,26,38,44,2,2,5,5,5,5,20,20,30,37,1,75,1
3069,83,6,26,62,117,186,161,233,316,413,318,0,0,0,0,0,3,3,3,3,7,0,0,0,0,0,100,100,100,100,90,0,0,0,0,0,23,21,19,17,37,0,0,0,0,0,18,18,18,18,33,1,25,0
3094,76,0,6,2,68,15,12,0,4,8,18,5,7,15,22,58,69,75,79,85,89,100,100,100,89,87,84,86,88,89,89,100,64,88,39,92,92,100,95,96,94,4,6,13,20,53,64,69,73,79,82,2,97,1
3106,82,6,30,77,154,253,377,529,709,909,712,1,1,1,1,1,1,1,1,1,12,100,100,100,100,100,100,100,100,97,97,33,17,10,7,6,5,4,3,3,38,2,2,2,2,2,2,2,2,2,31,1,57,1
3120,82,2,15,48,107,185,288,419,578,757,945,3,4,4,4,4,4,4,4,4,4,67,83,83,83,83,83,83,83,83,83,75,57,36,29,24,19,16,14,13,13,7,10,10,10,10,10,10,10,10,10,0,17,0
3121,83,2,0,0,6,26,60,104,159,228,309,1,7,7,7,7,7,7,7,7,7,100,92,92,92,92,92,92,92,92,92,50,140,100,78,64,54,50,44,39,37,7,35,35,35,35,35,35,35,35,35,1,33,0
3158,82,2,11,37,73,141,191,207,181,124,141,2,4,4,5,5,7,11,18,28,31,100,100,100,100,100,100,88,85,82,86,67,67,40,38,29,32,41,58,88,91,5,10,10,12,12,17,27,45,70,77,2,83,1
3237,77,5,7,37,83,150,206,271,387,0,11,0,1,1,1,1,2,3,3,24,24,0,83,83,83,83,79,78,78,86,86,0,25,17,11,8,13,17,14,100,89,0,3,3,3,3,11,14,14,74,74,2,92,0
3261,77,0,7,37,83,150,238,347,477,628,800,1,1,1,1,1,1,1,1,1,1,100,100,100,100,100,100,100,100,100,100,100,25,17,11,8,7,6,5,4,4,5,5,5,5,5,5,5,5,5,5,0,8,0
3274,82,2,9,16,23,30,37,46,6,0,0,2,5,10,13,17,22,24,28,33,35,100,100,100,94,95,90,91,93,93,93,67,83,100,93,100,100,92,93,106,106,5,12,25,33,43,56,61,71,84,90,2,100,1
3297,83,2,17,51,99,161,145,125,123,178,245,1,1,1,1,1,4,7,9,9,9,100,100,100,100,100,83,89,92,92,92,50,20,14,11,9,31,50,56,50,47,4,4,4,7,7,19,30,40,40,40,1,70,1
3318,83,8,24,26,60,83,138,203,279,369,471,0,1,3,3,4,4,4,4,4,4,0,100,75,75,83,83,83,83,83,83,0,20,43,33,36,31,29,25,22,21,0,4,18,18,22,22,22,22,22,22,0,13,0
3344,82,2,9,16,23,30,37,46,63,102,150,2,7,13,15,19,24,27,28,28,28,83,88,87,89,86,85,85,86,82,82,67,88,100,94,95,96,93,85,82,78,4,16,30,37,46,58,65,67,67,67,2,58,0
3412,82,6,30,77,150,242,359,504,677,870,1072,1,1,1,1,1,1,1,1,1,1,100,100,100,100,100,100,100,100,100,100,33,17,10,8,6,5,4,4,3,3,2,2,2,2,2,2,2,2,2,2,0,21,0
3420,82,10,13,22,39,82,116,54,76,31,6,0,4,7,9,9,11,18,21,30,34,0,97,97,96,96,96,87,76,69,71,0,67,70,64,53,52,67,64,88,94,0,9,16,21,21,26,42,50,71,80,2,100,1
3421,82,10,13,22,39,28,32,39,43,9,0,0,4,7,9,13,15,20,23,30,33,0,98,92,93,93,87,89,88,88,88,0,67,70,64,76,71,77,77,97,100,0,10,17,23,33,38,51,58,76,85,2,100,1
3461,83,0,2,10,15,26,60,79,72,120,143,2,3,4,6,7,7,8,10,10,11,100,100,90,90,92,92,93,94,94,95,100,75,57,67,64,54,57,63,56,58,11,18,32,38,41,41,45,51,51,54,1,71,1
3462,76,8,9,55,189,461,790,1161,1552,1997,2484,2,8,8,8,8,8,8,8,8,8,79,86,86,86,86,86,86,86,86,86,33,67,44,18,16,13,13,12,11,10,2,8,8,8,8,8,8,8,8,8,0,9,0
3470,82,6,22,52,76,68,76,112,187,282,386,1,3,4,8,14,21,21,21,21,21,100,100,90,71,77,76,76,76,76,76,33,50,33,53,74,91,70,62,60,57,2,6,9,18,32,48,48,48,48,48,1,88,1
3477,83,6,26,60,108,170,246,332,429,540,663,0,0,0,0,0,0,0,0,0,0,0,0,0,0,0,0,0,0,0,0,0,0,0,0,0,0,0,0,0,0,0,0,0,0,0,0,0,0,0,0,0,13,0
3488,83,6,26,60,108,170,246,332,429,540,663,0,0,0,0,0,0,0,0,0,0,0,0,0,0,0,0,0,0,0,0,0,0,0,0,0,0,0,0,0,0,0,0,0,0,0,0,0,0,0,0,0,0,0
3499,82,6,19,24,55,112,171,176,242,216,246,1,2,6,7,7,8,12,13,18,20,100,100,100,100,100,88,89,89,91,92,33,33,60,50,41,38,48,45,60,63,2,5,15,18,18,21,31,34,47,52,2,54,1
3517,76,0,0,0,0,0,0,0,0,4,18,8,11,17,47,59,65,65,74,78,87,100,100,99,89,87,88,88,89,88,88,160,100,100,102,111,100,100,101,99,102,8,11,17,47,60,66,66,76,80,89,2,97,1
3524,82,2,9,24,26,51,50,97,51,48,64,2,7,8,11,13,15,16,27,31,32,100,68,68,73,80,74,76,80,80,81,67,88,67,73,72,68,59,84,94,91,4,17,19,26,31,38,40,66,76,78,2,88,1
3529,83,2,6,15,42,83,138,203,279,369,471,1,2,3,3,3,3,3,3,3,3,100,100,100,100,100,100,100,100,100,100,50,50,50,38,30,25,23,20,18,17,4,12,19,19,19,19,19,19,19,19,0,79,0
3533,82,6,22,43,72,113,0,0,0,0,0,1,3,9,9,12,22,26,31,33,33,100,100,100,89,91,93,92,92,93,93,33,50,90,64,71,105,100,103,106,100,2,10,25,25,32,57,69,80,85,85,2,100,1
3553,82,2,9,16,27,49,41,48,57,58,65,2,6,11,13,13,19,23,27,30,32,100,88,88,89,90,90,90,92,91,91,67,86,92,87,72,86,88,90,97,97,5,15,28,33,33,48,58,69,76,82,2,100,1
3555,76,13,64,159,342,663,1041,1461,1901,2395,2931,0,0,0,0,0,0,0,0,0,0,0,0,0,0,0,0,0,0,0,0,0,0,0,0,0,0,0,0,0,0,0,0,0,0,0,0,0,0,0,0,0,0,0
3564,77,5,3,26,65,125,96,149,50,6,31,0,2,2,2,2,9,9,18,22,22,0,100,100,100,93,93,92,92,91,91,0,50,33,22,17,60,50,86,92,81,0,8,13,13,13,33,33,58,69,69,2,92,1
3568,76,8,52,140,322,664,257,446,51,132,236,2,2,2,2,2,38,38,64,64,65,100,100,100,100,100,96,97,94,94,95,33,17,11,4,4,58,58,88,81,76,2,2,2,2,2,38,38,65,65,66,2,100,1
3597,77,5,19,56,34,61,121,20,59,0,11,0,0,0,4,5,5,14,14,24,24,0,0,0,100,100,100,100,100,98,98,0,0,0,44,42,33,78,67,100,89,0,0,0,14,26,26,50,50,81,81,2,100,1
3607,77,5,19,56,109,183,278,20,0,11,43,0,0,0,0,0,0,14,21,21,21,0,0,0,0,0,0,100,100,100,100,0,0,0,0,0,0,78,100,88,78,0,0,0,0,0,0,47,68,68,68,2,100,1
3616,76,13,64,159,342,663,1041,1461,1901,2395,2931,0,0,0,0,0,0,0,0,0,0,0,0,0,0,0,0,0,0,0,0,0,0,0,0,0,0,0,0,0,0,0,0,0,0,0,0,0,0,0,0,0,0,0
3633,77,0,1,4,6,6,20,20,31,46,66,1,3,5,7,10,11,14,16,19,22,100,97,94,94,90,90,90,90,89,89,100,75,83,78,83,73,78,76,79,81,3,16,24,35,42,45,54,61,68,77,2,94,1
3641,82,2,9,16,23,30,0,8,2,0,0,5,6,10,13,16,21,22,28,30,32,83,88,94,95,96,97,97,98,98,98,125,86,91,93,94,100,88,97,100,100,13,15,26,35,43,56,58,74,79,84,2,100,1
3650,82,2,11,25,53,90,71,87,105,113,129,2,6,11,11,13,21,25,29,32,33,100,86,81,75,74,74,75,71,73,73,67,86,92,65,65,84,86,85,91,89,4,13,25,25,30,48,58,67,74,76,2,100,1
3664,82,10,41,95,175,274,398,550,730,930,1139,0,0,0,0,0,0,0,0,0,0,0,0,0,0,0,0,0,0,0,0,0,0,0,0,0,0,0,0,0,0,0,0,0,0,0,0,0,0,0,0,0,0,0
3668,76,13,32,76,224,510,853,1238,1643,2102,2603,0,3,5,5,5,5,5,5,5,5,0,100,100,100,100,100,100,100,100,100,0,27,29,12,10,8,8,7,7,6,0,3,5,5,5,5,5,5,5,5,0,9,0
3672,83,0,0,0,2,0,0,0,0,0,0,2,4,6,7,10,12,14,16,18,19,100,100,100,100,100,100,96,97,97,97,100,100,100,88,100,100,100,100,100,100,11,22,32,35,46,53,60,67,75,78,2,100,1
3676,83,2,2,17,55,87,124,129,127,65,22,1,3,3,3,4,5,7,9,13,18,100,100,100,100,100,90,83,86,91,94,50,75,43,30,33,36,47,53,68,90,3,17,17,17,21,27,34,41,55,72,2,88,1
3685,82,10,10,43,70,122,168,220,229,295,222,0,3,3,5,6,8,10,14,16,22,0,85,85,90,89,90,90,88,80,85,0,50,30,36,33,36,37,44,48,63,0,7,7,12,14,19,24,34,39,53,2,100,1
3702,77,0,7,37,83,150,238,347,344,0,0,1,1,1,1,1,1,1,4,24,27,100,100,100,100,100,100,100,100,99,97,100,25,17,11,8,7,6,19,100,100,3,3,5,5,8,8,8,17,74,82,2,97,1
3706,82,2,9,34,93,16,2,9,28,50,48,3,6,6,6,20,29,29,30,34,36,100,92,92,79,81,81,79,79,82,81,100,100,46,38,91,112,97,83,92,92,6,13,13,13,44,63,63,65,76,80,2,100,0
3707,82,2,9,32,33,6,6,39,88,151,0,3,7,7,12,19,22,22,24,25,38,100,86,70,75,83,84,85,81,79,79,100,100,54,75,100,88,76,69,69,100,6,15,15,27,43,50,50,54,56,87,2,100,1
3709,77,5,7,37,65,125,206,235,304,381,77,0,1,1,2,2,2,4,5,6,19,100,100,100,100,100,100,86,84,85,87,0,25,17,22,17,13,22,24,25,70,0,11,11,13,13,13,23,26,32,70,2,100,1
3717,77,0,3,26,6,6,11,11,11,31,31,1,2,2,7,10,12,15,18,19,22,100,100,100,100,99,96,97,98,96,96,100,50,33,78,83,80,83,86,79,81,5,11,11,29,43,48,60,68,71,78,2,100,1
3756,82,10,19,37,77,156,241,372,386,364,496,0,2,4,5,5,6,6,10,14,14,0,100,100,100,100,100,99,86,80,80,0,33,40,36,26,26,22,32,44,41,0,5,10,12,12,15,15,25,35,35,1,43,0
3759,82,2,11,26,64,128,130,196,242,358,407,2,4,6,7,7,11,12,14,14,16,100,100,100,100,86,86,78,80,80,85,67,67,55,47,39,50,46,47,45,48,5,10,15,17,17,28,30,35,35,41,1,96,1
3771,77,0,0,0,2,2,0,0,0,6,17,1,5,6,8,11,15,18,22,22,24,100,99,99,96,95,95,96,96,96,96,100,125,100,89,92,100,100,105,92,89,3,20,25,30,38,51,59,70,70,75,2,92,1
3782,82,2,9,16,23,36,69,56,72,58,67,4,7,10,12,13,13,20,23,29,31,100,96,98,99,97,97,98,91,91,91,133,117,100,92,81,65,80,79,97,97,10,18,26,33,35,35,53,61,77,82,2,100,0
3804,83,6,6,15,42,83,138,203,279,369,471,1,4,5,5,5,5,5,5,5,5,100,67,78,78,78,78,78,78,78,83,25,67,63,50,42,36,33,29,26,25,7,21,27,27,27,27,27,27,27,27,0,57,1
3809,77,0,7,26,65,102,167,255,364,31,0,1,1,2,2,3,4,4,4,19,29,100,100,100,100,92,94,94,94,90,93,100,25,33,22,25,27,22,19,79,107,5,8,11,11,14,17,17,17,63,89,2,100,1
3810,83,0,4,6,13,27,25,41,53,67,81,2,3,5,7,9,11,11,15,16,17,100,100,88,92,94,95,95,96,97,97,100,60,71,78,82,85,79,94,89,89,11,18,31,40,46,53,53,66,70,73,2,87,1
3819,82,10,11,8,19,19,59,127,168,208,156,0,4,7,9,12,12,12,14,16,21,100,100,100,100,100,100,100,100,100,100,0,67,70,69,75,60,50,50,55,68,0,10,18,24,32,32,32,37,43,56,2,96,1
3831,82,2,2,10,37,77,79,161,160,122,123,2,5,7,8,9,13,13,18,27,30,100,83,83,86,88,85,85,84,86,77,67,83,64,57,47,57,48,55,79,83,4,11,16,19,21,30,30,42,64,71,2,91,1
3834,82,10,11,37,89,160,201,311,336,473,619,0,5,5,5,5,7,7,10,10,10,0,83,83,83,83,87,87,89,89,89,0,71,45,36,29,33,28,34,33,31,0,13,13,13,13,18,18,26,26,26,1,26,0
3838,77,0,3,17,49,61,101,62,83,111,148,1,2,3,3,5,9,14,17,20,21,100,100,100,100,99,98,99,99,98,98,100,50,50,33,42,60,78,81,83,78,5,13,18,18,24,35,50,57,65,68,2,100,1
3843,82,6,22,55,74,115,183,279,403,547,700,1,3,4,8,9,9,9,9,9,9,100,100,90,86,84,84,84,84,84,84,33,50,36,57,53,43,36,31,30,28,2,7,10,21,23,23,23,23,23,23,0,30,0
3847,83,0,2,6,26,60,108,166,159,127,187,3,3,4,4,4,4,4,6,10,10,100,100,100,100,100,100,100,100,100,100,150,75,67,50,40,33,31,40,56,53,18,18,25,25,25,25,25,34,48,48,1,75,1
3851,82,2,19,59,125,210,320,458,624,810,1005,2,2,2,2,2,2,2,2,2,2,100,100,100,100,100,100,100,100,100,100,67,33,20,15,13,10,8,7,7,6,5,5,5,5,5,5,5,5,5,5,0,9,0
3859,77,0,3,4,22,61,11,43,6,31,77,2,2,5,5,5,12,12,19,19,19,100,100,97,97,98,98,98,98,98,98,200,50,83,56,42,80,67,90,79,70,11,11,24,24,24,46,46,64,64,64,2,100,1
3860,82,6,22,36,67,70,97,142,188,230,313,2,3,7,7,11,13,14,16,18,18,100,100,100,100,100,100,100,100,100,100,67,50,70,54,69,65,58,57,62,58,5,8,18,18,31,36,39,44,50,50,1,100,1
3863,83,2,19,37,78,133,83,104,159,228,309,1,1,2,2,2,6,7,7,7,7,100,100,75,75,75,88,90,90,90,90,50,20,29,22,18,46,50,44,39,37,7,11,14,14,14,32,35,35,35,35,1,54,1
3864,83,0,0,2,12,6,2,4,24,58,104,2,5,6,8,11,14,15,15,15,15,100,80,83,78,80,82,77,77,77,77,100,100,86,73,85,93,88,79,71,68,10,23,29,35,45,54,58,58,58,58,2,67,1
3866,82,2,0,0,2,8,4,32,93,110,6,2,6,10,12,13,18,18,18,21,30,100,100,100,100,100,100,100,100,100,98,67,100,100,92,81,90,72,62,70,94,5,17,28,33,37,50,50,50,57,80,2,100,1
3870,83,6,2,6,15,8,6,11,19,59,119,1,5,6,7,10,13,14,15,15,15,50,60,67,71,78,75,77,79,79,79,25,83,75,70,77,87,88,79,65,63,3,21,25,30,39,48,51,54,54,54,2,100,1
3872,77,5,7,37,83,150,238,347,477,628,800,0,1,1,1,1,1,1,1,1,1,0,100,100,100,100,100,100,100,100,100,0,25,17,11,8,7,6,5,4,4,0,5,5,5,5,5,5,5,5,5,0,6,0
3873,82,2,11,18,23,30,41,58,69,58,71,2,4,8,12,15,17,19,24,31,31,100,100,100,99,99,99,96,89,88,88,67,67,80,92,94,85,76,77,97,91,5,10,20,31,39,43,48,60,78,78,2,100,1
3874,83,2,6,30,53,101,163,134,127,120,81,1,2,2,3,3,3,6,8,10,13,100,100,100,100,100,100,80,86,89,90,50,50,29,33,27,23,43,50,56,68,4,11,11,15,18,21,34,41,48,58,2,75,1
3875,83,0,0,0,0,2,0,0,0,0,0,3,6,6,9,10,13,16,20,22,23,100,100,100,92,93,95,89,88,90,90,150,150,100,100,91,100,100,105,105,105,16,28,30,39,42,51,60,72,78,81,2,100,1
3882,82,10,41,95,175,274,398,550,730,930,1139,0,0,0,0,0,0,0,0,0,0,0,0,0,0,0,0,0,0,0,0,0,0,0,0,0,0,0,0,0,0,0,0,0,0,0,0,0,0,0,0,0,0,0
3891,82,6,20,34,58,66,87,120,159,226,302,2,4,8,8,13,17,17,19,19,19,100,100,99,99,99,100,100,100,100,100,67,67,80,62,81,85,71,68,66,61,5,10,21,21,35,45,45,51,51,51,2,79,1
3892,83,6,26,60,108,170,246,332,429,540,663,0,0,0,0,0,0,0,0,0,0,0,0,0,0,0,0,0,0,0,0,0,0,0,0,0,0,0,0,0,0,0,0,0,0,0,0,0,0,0,0,0,0,0
3893,83,0,2,2,15,33,44,38,72,120,180,3,5,7,7,8,9,11,11,11,11,67,58,72,79,83,83,88,88,88,88,100,83,88,70,67,64,73,65,58,55,17,25,34,34,37,41,48,48,48,48,1,61,0
3894,76,2,2,1,79,30,2,0,15,18,49,3,9,16,18,52,71,73,74,82,84,100,100,100,99,93,92,93,93,93,93,60,82,94,34,85,97,100,91,94,90,2,8,15,16,49,67,69,70,77,79,2,79,1
3899,83,0,0,0,0,0,0,0,0,0,0,2,4,6,8,10,12,13,17,19,19,100,100,100,100,100,100,100,97,97,97,100,100,100,100,100,100,100,106,106,100,14,21,31,37,44,51,55,68,75,75,2,92,1
3909,82,6,22,34,48,70,80,106,156,221,138,1,3,8,11,11,16,18,20,21,30,100,100,99,99,99,100,100,100,84,86,33,50,80,85,69,80,69,65,66,88,2,7,20,29,29,41,46,51,53,75,2,100,1
3911,76,0,0,0,9,5,0,0,0,1,1,7,13,19,39,53,68,68,76,81,87,71,88,93,91,93,91,91,91,92,92,100,100,100,81,98,100,100,100,99,99,6,12,18,38,52,67,67,75,80,86,2,88,1
3914,82,2,11,28,73,40,41,52,55,58,65,3,5,6,6,14,19,22,29,31,35,83,89,84,84,78,82,86,84,85,86,75,71,55,43,78,86,85,94,97,103,7,12,15,15,35,47,55,72,77,87,2,100,1
3918,76,13,52,91,224,510,820,1198,1461,1892,2365,0,1,4,5,5,6,6,9,9,9,0,100,100,100,100,100,100,100,100,100,0,9,24,12,10,10,10,13,12,11,0,1,4,5,5,6,6,9,9,9,0,15,0
3921,77,5,7,0,11,11,0,11,43,96,170,0,1,6,6,9,15,15,15,15,15,100,100,100,100,100,100,100,100,100,100,0,25,100,67,75,100,83,71,63,56,0,5,22,22,31,48,48,48,48,48,1,39,0
3923,82,2,19,26,64,121,203,313,451,609,776,3,3,8,8,8,8,8,8,8,8,67,67,72,72,72,72,72,72,72,72,75,43,67,53,44,36,31,27,26,24,7,7,20,20,20,20,20,20,20,20,0,17,0
3924,77,5,12,28,60,76,136,217,319,442,586,0,3,3,3,5,5,5,5,5,5,93,93,93,90,90,90,90,90,90,90,0,75,50,33,42,33,28,24,21,19,2,11,11,11,17,17,17,17,17,17,0,19,0
3925,82,10,41,95,175,274,398,550,730,930,1139,0,0,0,0,0,0,0,0,0,0,0,0,0,0,0,0,0,0,0,0,0,0,0,0,0,0,0,0,0,0,0,0,0,0,0,0,0,0,0,0,0,0,0
3935,82,2,9,20,51,49,91,173,266,403,481,2,6,8,8,12,13,13,14,14,18,100,83,84,84,87,86,86,82,82,82,67,86,73,57,67,57,48,42,41,50,4,14,19,19,28,30,30,33,33,42,1,100,1
3937,82,10,9,16,33,40,78,146,242,358,483,0,5,9,9,12,13,13,13,13,13,0,100,99,99,97,98,98,98,98,98,0,83,90,69,71,62,52,45,43,41,0,13,23,23,31,34,34,34,34,34,1,83,1
3949,83,0,0,0,0,0,0,0,0,0,0,2,4,6,9,10,12,14,19,19,20,100,100,100,100,100,100,96,94,94,94,100,100,100,113,100,100,100,112,100,100,11,24,33,43,46,53,60,76,76,80,2,100,1
3957,83,6,17,26,26,26,42,38,49,42,24,0,1,2,4,6,7,9,10,12,15,0,100,100,100,100,100,100,100,100,100,0,25,33,50,60,58,69,67,71,83,0,8,12,25,35,39,46,50,57,67,2,96,1
3960,82,10,41,77,150,242,359,504,677,870,1072,0,0,1,1,1,1,1,1,1,1,0,0,100,100,100,100,100,100,100,100,0,0,10,8,6,5,4,4,3,3,0,0,2,2,2,2,2,2,2,2,0,4,0
3962,77,5,19,0,11,15,35,43,0,2,0,0,0,6,6,10,11,16,21,23,27,0,0,96,96,92,88,85,86,87,87,0,0,100,67,83,73,89,100,96,100,0,0,25,25,36,38,52,69,74,84,2,94,1
3967,82,10,2,21,66,134,230,354,462,447,457,0,5,5,5,5,5,5,6,10,13,0,98,98,98,98,98,98,95,95,96,0,83,50,38,29,24,20,21,33,41,0,13,13,13,13,13,13,15,26,34,1,100,1
3971,82,2,11,6,0,8,11,18,25,36,39,3,4,8,14,15,21,25,29,29,32,100,100,83,89,86,88,89,90,89,90,100,67,73,100,83,95,96,97,94,97,7,10,20,35,40,55,65,75,75,82,2,100,1
3977,77,0,7,8,26,0,0,0,0,0,0,1,1,5,5,12,15,18,21,24,27,100,100,97,98,98,99,99,99,99,99,100,25,83,56,100,100,100,100,100,100,5,8,20,20,40,53,63,73,82,88,2,100,1
3986,82,2,11,28,42,40,74,123,112,134,114,2,4,5,8,12,14,15,21,24,28,100,95,95,98,98,98,90,92,90,88,67,67,50,62,71,67,56,68,75,82,5,10,12,20,30,35,37,52,60,70,2,96,1
3991,82,10,11,28,51,69,94,148,209,275,237,0,4,5,7,9,11,12,14,16,21,0,100,100,100,100,100,100,100,100,100,0,67,50,54,56,55,48,47,52,64,0,10,12,17,23,28,30,35,41,53,2,96,1
3994,82,2,2,9,16,23,30,37,44,51,58,4,5,9,12,16,20,24,28,28,32,100,100,100,100,100,100,100,100,100,100,133,83,90,92,100,100,100,100,97,103,10,13,24,34,44,55,65,76,76,86,2,100,1
3997,83,0,0,0,2,0,0,0,6,15,0,2,5,7,8,11,13,15,15,16,20,100,88,90,93,94,95,91,92,92,93,100,100,100,89,100,100,100,88,84,100,11,27,36,40,50,56,63,63,66,80,2,85,1
3999,83,0,4,6,15,0,4,2,15,15,40,2,3,5,6,11,12,14,14,16,16,100,100,88,92,94,95,88,88,89,89,100,60,71,67,100,86,93,82,84,80,11,17,27,33,50,53,60,60,66,66,2,74,1
4005,83,6,26,60,108,170,246,286,376,480,596,0,0,0,0,0,0,1,1,1,1,0,0,0,0,0,0,100,100,100,100,0,0,0,0,0,0,8,7,6,6,0,0,0,0,0,0,4,4,4,4,0,4,0
4031,77,0,0,0,0,2,20,59,2,20,0,1,4,6,9,11,11,11,20,20,27,100,100,98,94,91,91,91,91,91,91,100,100,100,100,92,73,61,95,83,100,11,23,30,42,47,47,47,72,72,88,2,100,1
4032,83,4,15,6,10,22,36,50,74,80,0,1,2,5,7,10,12,13,13,17,21,100,100,89,92,89,92,93,83,85,87,50,40,71,70,83,86,87,72,85,100,7,13,26,33,43,50,53,53,66,80,2,88,1
4044,77,5,3,26,65,125,206,170,119,200,144,0,2,2,2,2,2,6,11,11,16,0,100,100,100,100,100,95,94,94,93,0,50,33,22,17,13,33,52,46,59,0,11,11,11,11,11,30,43,43,56,1,100,1
4054,76,8,52,140,6,3,2,0,0,1,21,1,1,1,46,56,68,70,78,83,84,100,100,98,89,80,83,83,85,85,86,20,9,6,92,95,97,100,100,99,93,0,0,0,44,54,66,68,76,80,81,2,97,0
4056,77,0,1,9,23,30,46,35,46,53,65,1,3,4,5,8,10,16,18,21,23,100,100,90,92,90,91,91,91,92,91,100,75,67,56,67,67,89,86,88,85,3,14,21,24,35,41,58,63,72,76,2,89,0
4058,83,0,6,28,69,124,42,77,118,11,22,2,2,2,2,2,8,9,9,17,17,100,100,100,100,100,93,94,95,93,93,100,50,29,22,18,62,64,56,94,89,14,14,17,17,17,40,43,43,70,70,2,100,1
4060,76,5,42,123,224,510,853,1238,1596,1994,2423,2,2,2,5,5,5,5,6,7,8,100,100,100,100,100,100,100,100,100,100,40,18,12,12,10,8,8,9,9,10,2,2,2,5,5,5,5,6,7,8,0,21,0
4064,77,0,1,0,6,20,20,11,43,77,77,1,3,6,7,8,11,15,15,16,19,100,100,100,100,100,100,100,100,100,100,100,75,100,78,67,73,83,71,67,70,5,23,34,38,40,48,59,59,63,72,2,100,1
4066,82,2,11,31,47,65,116,216,351,313,125,2,4,6,10,12,14,14,14,24,36,100,100,100,88,90,81,81,82,71,73,67,67,55,71,63,54,45,39,65,92,4,8,13,22,28,32,32,32,54,80,2,100,1
4068,82,2,23,20,33,40,54,105,171,161,203,2,2,8,10,14,17,17,18,26,28,100,92,94,96,78,75,75,75,76,78,67,29,73,71,78,77,63,58,81,82,4,4,19,24,34,41,41,43,63,68,2,79,1
4070,82,2,11,24,66,130,171,276,414,216,80,2,4,6,6,6,8,8,8,19,31,100,100,100,100,100,100,100,100,97,97,67,67,60,43,35,38,31,27,61,94,5,10,15,15,15,20,20,20,51,80,2,92,1
4073,83,0,0,0,4,0,0,0,4,0,0,2,4,7,7,11,13,14,15,18,19,100,100,100,88,90,92,92,93,94,94,100,100,117,78,100,100,100,94,100,100,10,23,35,35,48,54,58,61,70,74,2,100,1
4078,77,5,7,26,65,125,77,144,232,311,388,0,1,2,2,2,7,7,7,8,9,0,100,100,100,100,97,97,97,98,98,0,25,33,22,17,47,39,33,33,33,0,5,8,8,8,23,23,23,26,33,1,97,1
4089,82,6,26,66,84,155,251,269,331,316,179,1,2,2,4,4,4,7,9,13,21,100,100,100,100,100,100,100,100,100,100,33,33,20,31,25,20,28,31,43,66,2,5,5,10,10,10,18,23,35,56,2,100,1
4092,83,2,6,15,42,83,138,203,196,233,194,1,2,3,3,3,3,3,5,6,9,100,100,100,100,100,100,100,100,100,100,50,50,50,38,30,25,23,33,35,50,8,15,19,19,19,19,19,29,33,44,1,65,1
4096,82,10,19,59,54,100,159,209,207,291,372,0,2,2,6,7,8,10,14,15,16,0,100,100,100,100,100,100,96,96,97,0,33,20,43,41,36,38,47,48,48,0,5,5,15,17,20,25,35,38,41,1,48,0
4099,82,2,11,37,42,58,80,155,233,264,150,2,6,6,10,12,14,14,15,18,26,100,73,73,81,85,87,87,88,91,91,67,75,50,67,67,61,52,48,56,76,5,15,15,25,30,36,36,39,46,65,2,100,1
4102,82,2,11,6,26,62,92,149,231,274,360,2,4,8,9,9,13,14,14,17,18,100,100,100,100,100,100,100,100,100,100,67,67,80,69,56,65,58,50,59,58,5,10,21,24,24,35,37,37,45,48,1,58,0
4106,77,0,1,8,6,11,34,48,89,125,169,1,3,5,7,9,10,13,14,16,18,100,100,95,94,94,93,93,94,93,93,100,75,83,78,75,67,72,67,67,67,8,14,22,31,36,39,47,51,57,63,2,94,1
4107,82,2,2,4,24,28,75,150,253,376,508,3,6,9,10,12,12,12,12,12,12,67,78,82,86,89,89,89,89,89,74,75,86,82,71,71,57,48,41,40,38,7,15,23,26,31,31,31,31,31,31,1,39,0
4113,76,11,2,34,0,13,0,0,0,8,54,1,10,10,46,47,63,63,71,73,73,100,93,93,95,95,92,92,93,93,93,17,83,56,102,90,100,100,100,95,88,1,10,10,47,48,65,65,74,76,76,2,70,1
4114,77,0,3,4,11,2,20,59,96,170,265,1,2,5,6,11,11,11,12,12,12,100,100,100,100,99,99,99,100,100,100,100,50,83,67,92,73,61,57,50,44,5,13,26,28,42,42,42,44,44,44,1,94,1
4115,82,2,6,32,72,104,172,204,234,233,305,2,4,4,5,7,8,11,14,18,19,100,97,97,98,98,98,92,84,86,87,67,67,40,36,39,35,41,45,56,56,5,10,10,12,17,20,27,35,45,47,1,63,1
4116,77,0,7,26,65,125,206,308,431,575,740,1,1,2,2,2,2,2,2,2,2,100,100,100,100,100,100,100,100,100,100,100,25,33,22,17,13,11,10,8,7,3,3,16,16,16,16,16,16,16,16,0,11,0
4117,82,2,9,20,31,38,82,157,262,193,251,3,5,8,12,14,14,14,14,22,23,100,93,84,82,84,84,84,85,87,88,100,83,73,80,78,61,52,44,67,66,7,12,19,29,34,34,34,34,53,56,2,100,1
4118,83,2,6,15,35,76,101,157,219,295,299,1,2,3,4,4,5,6,6,6,11,100,100,100,100,100,100,100,100,100,95,50,50,50,44,36,38,43,38,33,58,7,11,18,25,25,28,32,32,32,50,1,71,1
4123,76,0,0,0,71,0,2,0,4,13,34,5,11,17,19,56,66,68,72,77,80,100,100,100,97,97,95,95,96,96,96,100,100,100,38,100,97,100,95,94,91,4,10,16,18,55,65,67,71,76,79,2,97,1
4126,82,2,9,16,29,8,30,84,145,247,358,2,6,10,11,14,16,16,17,17,17,100,84,91,91,93,94,95,95,95,95,67,86,91,79,82,73,62,55,53,50,5,15,25,27,35,40,40,42,42,42,1,100,1
4131,82,2,23,28,51,32,58,118,214,250,133,2,2,6,8,15,15,15,15,18,29,100,100,88,91,94,94,94,95,96,90,67,29,55,57,88,71,56,48,56,85,5,5,15,20,37,37,37,37,45,72,2,91,0
4132,83,6,26,60,108,138,170,244,172,37,24,0,0,0,0,1,2,2,6,14,17,0,0,0,0,100,100,100,100,90,92,0,0,0,0,10,17,14,35,74,85,3,3,3,3,7,14,14,28,57,67,2,92,1
4133,82,2,15,48,95,159,223,249,348,485,594,2,3,3,4,5,7,11,12,12,13,100,100,100,100,100,98,82,85,85,73,67,50,30,29,26,30,41,39,38,38,5,7,7,10,12,17,27,30,30,32,1,38,0
4134,77,5,7,37,83,150,238,347,477,628,800,0,1,1,1,1,1,1,1,1,1,0,100,100,100,100,100,100,100,100,100,0,25,17,11,8,7,6,5,4,4,0,3,5,5,5,5,5,5,5,5,0,81,1
4136,83,6,26,60,108,170,246,332,429,540,663,0,0,0,0,0,0,0,0,0,0,0,0,0,0,0,0,0,0,0,0,0,0,0,0,0,0,0,0,0,0,0,0,0,0,0,0,0,0,0,0,0,85,1
4137,82,6,22,47,74,93,140,183,191,213,239,1,5,8,10,13,14,17,23,26,28,100,75,75,83,84,85,86,83,85,85,33,63,62,63,68,58,59,70,76,78,2,11,19,23,30,33,40,54,61,66,2,100,1
4140,82,2,11,37,89,105,107,164,171,193,185,3,5,5,5,8,12,13,17,20,24,75,83,83,83,90,94,85,88,91,92,75,71,45,36,44,55,50,57,65,73,7,12,12,12,20,30,33,43,51,61,2,100,0
4154,82,2,9,26,75,146,242,368,527,706,894,2,5,6,6,6,6,6,6,6,6,100,97,97,97,97,97,97,97,97,97,67,83,55,40,33,27,22,19,19,18,5,12,15,15,15,15,15,15,15,15,0,100,1
4169,77,0,3,26,0,11,0,0,6,2,20,1,2,2,9,9,15,18,19,23,23,100,100,93,92,92,95,96,97,97,97,100,50,33,100,75,100,100,90,96,85,8,11,11,36,36,52,60,63,73,73,2,97,1
4173,77,5,7,37,65,61,121,119,119,96,96,0,1,1,2,5,5,8,11,15,18,0,100,100,100,100,100,100,100,100,100,0,25,17,22,42,33,44,52,63,67,0,3,8,11,26,26,37,45,58,67,2,100,1
4174,83,0,4,18,0,0,0,0,0,0,0,2,3,5,10,11,13,14,17,18,19,100,75,83,89,91,91,92,93,94,94,100,60,71,111,100,100,100,106,100,100,11,18,28,46,50,57,60,71,75,78,2,100,1
4175,83,6,15,6,6,6,15,11,15,26,4,0,1,4,6,8,9,11,12,13,17,0,100,100,100,100,100,100,100,100,100,0,25,67,75,80,75,85,80,76,94,0,4,23,33,40,44,51,55,59,74,2,100,1
4183,83,0,0,6,15,15,26,56,31,42,81,2,4,4,5,7,8,8,11,12,12,100,100,100,100,100,100,100,100,100,100,100,100,67,63,70,67,62,73,71,67,12,23,23,29,37,40,40,51,55,55,2,48,0
4184,82,10,41,95,175,274,398,550,730,930,1139,0,0,0,0,0,0,0,0,0,0,0,0,0,0,0,0,0,0,0,0,0,0,0,0,0,0,0,0,0,0,0,0,0,0,0,0,0,0,0,0,0,0,0
4191,83,0,6,26,60,108,170,203,279,369,471,2,2,2,2,2,2,3,3,3,3,100,100,100,100,100,100,100,100,100,100,100,50,33,25,20,17,23,20,18,17,12,12,12,12,12,12,19,19,19,19,0,11,0
4198,77,0,7,37,83,150,238,347,477,628,800,1,1,1,1,1,1,1,1,1,1,100,100,100,100,100,100,100,100,100,100,100,25,17,11,8,7,6,5,4,4,3,3,3,3,3,3,3,3,3,3,0,3,0
4201,77,5,19,37,65,125,176,271,344,474,518,0,0,1,2,2,3,3,4,4,6,0,0,100,100,100,100,100,100,100,100,0,0,17,22,17,20,17,19,17,22,0,0,11,13,13,16,16,25,25,32,0,100,1
4202,82,6,30,77,75,64,107,189,301,399,538,1,1,1,5,10,11,11,11,12,12,100,100,100,100,100,100,100,100,100,100,33,17,10,38,59,52,44,37,39,36,2,2,2,12,25,28,28,28,32,32,1,96,1
4205,83,6,30,37,78,133,202,281,371,369,309,0,0,2,2,2,2,2,2,4,7,0,0,100,100,67,67,67,67,75,86,0,0,29,22,18,15,14,13,22,37,0,0,11,11,11,11,11,11,19,35,1,96,1
4213,77,0,3,9,34,0,11,43,43,96,170,1,2,4,4,12,12,12,15,15,15,100,100,100,100,99,99,99,98,98,98,100,50,67,44,100,80,67,71,63,56,5,13,23,23,47,47,47,56,56,56,1,94,1
4220,83,0,2,15,42,83,138,203,279,369,471,2,3,3,3,3,3,3,3,3,3,100,100,100,100,100,100,100,100,100,100,100,75,50,38,30,25,23,20,18,17,12,19,19,19,19,19,19,19,19,19,0,11,0
4223,82,2,11,22,41,77,97,148,211,67,83,2,5,8,11,13,22,25,27,39,40,89,92,83,77,70,68,64,60,59,61,67,71,67,65,59,76,76,68,95,93,4,10,16,22,26,44,51,55,79,81,2,96,1
4239,83,0,6,26,60,108,170,242,325,422,531,2,2,2,2,2,2,2,2,2,2,100,100,100,100,100,100,100,100,100,100,100,50,33,25,20,17,15,13,12,11,12,12,12,12,12,12,12,12,12,12,0,7,0
4244,76,8,53,148,331,92,0,0,20,94,215,1,1,1,1,35,66,66,66,66,66,100,100,100,100,96,91,91,91,91,91,20,8,6,2,70,100,100,89,83,76,1,1,1,1,35,66,66,66,66,66,2,88,1
4246,77,5,7,37,83,150,238,347,477,628,800,0,1,1,1,1,1,1,1,1,1,0,100,100,100,100,100,100,100,100,100,0,25,17,11,8,7,6,5,4,4,0,5,5,5,5,5,5,5,5,5,0,6,0
4256,82,6,30,67,72,125,196,74,68,135,195,1,1,2,7,9,11,24,26,26,27,100,100,100,86,77,79,79,79,79,75,33,17,15,41,43,42,80,74,72,71,2,2,4,15,20,25,54,59,59,61,2,91,0
4259,83,0,0,0,10,37,78,2,15,42,81,3,6,8,8,8,8,15,15,15,15,100,80,86,75,75,75,83,83,83,83,150,100,100,73,62,53,94,83,75,71,17,30,38,38,38,38,61,61,61,61,2,54,1
4263,82,10,26,66,111,141,157,175,191,167,211,0,2,2,3,5,8,11,14,19,20,0,100,100,100,100,99,94,95,93,94,0,33,20,21,29,38,44,48,63,63,0,5,5,7,13,21,28,36,50,52,2,71,1
4275,82,10,41,73,143,237,361,519,459,493,265,0,0,2,2,2,2,2,9,13,25,0,0,100,100,100,100,100,98,77,74,0,0,20,14,11,9,7,27,38,69,0,0,4,4,4,4,4,21,30,59,2,92,1
4277,82,10,41,105,85,136,77,152,255,378,510,0,0,0,6,8,15,15,15,15,15,0,0,0,75,65,65,65,65,65,65,0,0,0,35,40,63,54,47,45,43,0,0,0,14,19,36,36,36,36,36,1,30,0
4278,82,10,41,95,106,191,301,441,614,807,1009,0,0,0,3,3,3,3,3,3,3,0,0,0,100,100,100,100,100,100,100,0,0,0,21,18,14,12,10,10,9,0,0,0,7,7,7,7,7,7,7,0,100,1
4280,83,6,2,15,42,83,138,164,181,147,182,0,3,3,3,3,3,5,8,12,13,0,100,100,100,100,100,100,100,100,100,0,75,50,38,30,25,38,53,71,72,0,19,19,19,19,19,32,42,57,60,2,74,1
4287,82,6,20,34,48,70,84,100,112,118,132,1,4,9,11,11,15,19,24,29,30,100,100,98,98,98,96,96,91,89,90,33,67,90,85,69,75,76,83,97,94,2,10,23,28,28,39,50,63,76,78,2,100,1
4291,82,2,9,16,23,36,41,53,59,58,65,4,8,13,13,14,18,23,25,29,31,100,91,92,92,92,92,91,92,92,93,133,133,118,93,82,86,92,86,97,97,10,21,35,35,38,48,61,66,76,82,2,96,1
4292,76,2,6,0,63,272,539,854,186,94,210,3,7,18,21,21,21,21,56,66,66,100,100,90,90,90,90,90,93,88,88,60,64,106,44,39,32,32,76,83,77,3,7,18,21,21,21,21,57,67,67,2,70,1
4298,77,0,7,9,34,80,147,235,344,474,625,1,1,4,4,4,4,4,4,4,4,100,100,100,100,100,100,100,100,100,100,100,25,67,44,33,27,22,19,17,15,3,3,12,12,12,12,12,12,12,12,0,6,0
4312,82,2,19,28,77,148,194,219,242,326,444,2,2,5,5,5,7,10,13,14,14,100,100,100,100,100,100,86,88,89,89,67,33,50,36,29,33,40,45,47,44,5,5,13,13,13,18,26,34,36,36,1,54,0
4324,83,2,2,6,15,26,42,13,6,2,0,1,3,4,5,6,7,11,14,17,19,100,100,100,100,100,100,100,96,97,97,50,75,67,63,60,58,79,88,94,100,4,18,25,31,34,37,51,62,72,79,2,79,1
4325,82,2,11,25,39,55,71,85,125,153,125,2,4,9,12,14,17,21,21,23,29,100,100,80,85,88,91,93,93,93,93,67,67,82,86,82,81,84,72,77,91,5,10,23,31,36,44,55,55,60,76,2,96,1
4329,76,2,3,42,77,15,44,0,20,34,108,3,9,9,20,55,59,72,72,78,78,100,99,96,97,89,86,86,86,87,87,60,75,50,38,92,82,100,90,91,85,2,8,8,18,51,56,68,68,73,73,2,100,1
4332,77,0,0,0,0,2,0,2,6,31,0,1,4,6,9,11,15,17,19,19,27,100,96,97,94,89,90,92,93,93,93,100,100,100,100,92,100,94,90,79,100,5,23,32,41,46,58,64,68,68,87,2,100,1
4336,82,6,30,77,150,216,333,478,565,751,632,1,1,1,1,2,2,2,4,4,10,100,100,100,100,100,100,100,100,100,100,33,17,10,8,12,10,8,13,13,30,2,2,2,2,5,5,5,10,10,25,1,100,1
4342,77,0,1,5,11,2,11,11,43,49,75,1,3,5,6,11,12,15,15,18,20,100,100,100,97,98,98,98,98,98,98,100,75,83,67,92,80,83,71,75,74,3,11,22,27,42,44,53,53,63,68,2,100,1
4349,82,10,2,4,4,0,2,2,2,0,0,0,5,8,12,16,19,23,27,29,31,100,100,100,100,100,100,100,100,100,100,0,83,80,92,100,95,96,96,100,100,0,13,21,32,43,51,62,72,78,83,2,100,1
4352,82,10,41,59,125,210,320,458,624,752,940,0,0,2,2,2,2,2,2,3,3,0,0,100,100,100,100,100,100,100,100,0,0,20,15,13,10,8,7,10,10,0,0,5,5,5,5,5,5,8,8,0,13,0
4355,83,0,0,0,0,0,0,0,2,0,0,2,4,7,11,12,15,16,17,20,21,100,80,79,85,85,83,85,87,89,89,100,100,100,110,100,100,100,94,100,100,13,27,36,48,51,60,63,66,75,78,2,100,1
4356,76,3,11,19,123,197,325,463,607,769,936,4,9,14,18,47,58,60,64,67,71,88,95,97,87,87,88,86,88,89,90,80,82,82,30,70,73,75,73,71,71,3,7,12,15,42,51,53,57,60,63,2,100,1
4361,77,0,7,26,65,125,206,308,431,575,740,1,1,2,2,2,2,2,2,2,2,100,100,100,100,100,100,100,100,100,100,100,25,33,22,17,13,11,10,8,7,11,11,13,13,13,13,13,13,13,13,0,11,0
4366,77,5,7,9,2,2,6,20,11,2,11,0,1,4,8,11,13,14,18,23,24,0,100,100,100,100,100,100,100,100,100,0,25,67,89,92,87,78,86,96,89,0,8,21,35,43,48,51,65,77,80,2,100,1
4370,77,0,0,5,12,21,28,0,11,43,59,2,4,5,8,10,13,18,18,18,20,100,100,100,96,92,92,87,87,87,87,200,100,83,89,83,87,100,86,75,74,16,21,28,35,41,50,66,66,66,71,2,100,1
4386,83,6,26,60,108,170,246,332,429,540,663,0,0,0,0,0,0,0,0,0,0,0,0,0,0,0,0,0,0,0,0,0,0,0,0,0,0,0,0,0,0,0,0,0,0,0,0,0,0,0,0,0,83,1
4396,82,10,41,95,175,274,398,550,730,930,1139,0,0,0,0,0,0,0,0,0,0,0,0,0,0,0,0,0,0,0,0,0,0,0,0,0,0,0,0,0,0,0,0,0,0,0,0,0,0,0,0,0,0,0
4402,82,2,11,18,23,34,41,56,55,58,65,4,4,8,12,14,18,20,26,29,31,100,100,100,100,95,96,97,98,98,98,133,67,80,92,82,86,80,90,97,97,10,10,21,31,36,47,52,68,76,81,2,100,1
4407,77,0,1,0,6,5,0,0,0,0,0,1,3,6,7,11,15,18,22,24,29,100,100,100,100,100,100,100,100,100,100,100,75,100,78,92,100,100,105,100,107,5,16,28,33,46,56,68,78,82,92,2,100,1
4410,77,5,19,56,109,183,278,378,424,533,663,0,0,0,0,0,0,1,7,7,7,0,0,0,0,0,0,100,100,100,100,0,0,0,0,0,0,6,33,29,26,0,0,0,0,0,0,3,23,23,23,0,100,0
4416,76,0,0,1,16,12,1,0,0,2,0,8,11,16,34,52,67,68,76,81,89,100,100,100,99,91,90,90,91,89,91,160,100,94,71,93,99,100,100,98,100,7,10,15,33,50,65,66,74,79,86,2,100,1
4418,83,0,0,0,2,0,0,0,2,0,0,2,4,6,8,11,13,14,15,18,19,100,100,100,89,91,92,93,93,94,94,100,100,100,89,100,100,100,94,100,100,11,25,34,41,51,58,62,65,75,79,2,87,1
4425,82,2,11,20,37,38,37,48,55,0,2,2,4,7,9,13,20,22,27,31,32,100,93,90,84,88,91,91,89,90,88,67,67,70,64,76,95,88,90,100,97,5,10,17,23,33,51,56,69,79,82,2,88,1
4442,83,0,0,0,0,0,0,0,0,0,0,2,4,6,8,10,12,14,17,19,20,100,100,100,100,100,100,96,90,91,92,100,100,100,100,100,100,100,100,100,100,11,21,31,37,44,51,58,68,75,79,2,92,1
4449,82,6,22,45,77,122,190,286,332,432,557,1,3,7,8,9,9,9,12,13,13,100,100,99,97,94,94,94,89,88,88,33,50,70,62,53,43,36,41,43,41,2,7,18,21,23,23,23,31,34,34,1,75,0
4451,83,4,20,47,88,143,212,291,381,485,601,1,2,2,2,2,2,2,2,2,2,50,50,50,50,50,50,50,50,50,50,33,40,29,22,18,15,14,13,11,11,7,14,14,14,14,14,14,14,14,17,0,13,0
4603,82,6,13,6,0,2,2,25,72,70,55,1,5,9,14,16,20,20,22,27,31,100,72,78,84,86,87,82,83,84,83,33,71,82,100,94,95,77,71,84,91,2,12,22,35,40,50,50,55,67,77,2,87,1
4610,77,5,19,37,83,150,238,347,477,628,800,0,0,1,1,1,1,1,1,1,1,0,0,100,100,100,100,100,100,100,100,0,0,17,11,8,7,6,5,4,4,0,0,5,5,5,5,5,5,5,5,0,6,0
4612,77,0,7,37,83,150,238,347,431,575,740,1,1,1,1,1,1,1,2,2,2,100,100,100,100,100,100,100,75,75,75,100,25,17,11,8,7,6,10,8,7,5,5,5,5,5,5,5,8,8,8,0,8,0
4617,77,5,3,17,34,17,49,20,20,59,119,0,2,3,4,9,9,14,17,17,17,0,100,100,100,100,100,100,100,100,100,0,50,50,44,75,60,78,81,71,63,0,13,21,25,40,40,54,62,62,62,2,100,1
4619,77,5,19,56,109,183,278,394,531,689,868,0,0,0,0,0,0,0,0,0,0,0,0,0,0,0,0,0,0,0,0,0,0,0,0,0,0,0,0,0,0,0,0,0,0,0,0,0,0,0,0,0,0,0
4637,77,0,3,26,49,102,96,170,265,381,471,1,2,2,3,3,6,6,6,6,7,100,100,100,100,100,100,100,100,100,93,100,50,33,33,25,40,33,29,25,26,5,13,13,18,18,28,28,28,28,31,0,86,1
4640,77,0,3,8,2,2,2,6,0,11,0,1,2,5,8,11,14,16,21,21,27,100,100,100,100,99,100,100,100,100,100,100,50,83,89,92,93,89,100,88,100,5,11,22,32,40,50,57,72,72,87,2,94,1
4643,77,0,7,37,83,150,238,347,477,628,800,1,1,1,1,1,1,1,1,1,1,100,100,100,100,100,100,100,100,100,100,100,25,17,11,8,7,6,5,4,4,5,5,5,5,5,5,5,5,5,5,0,8,0
4651,77,5,19,56,109,183,278,394,531,689,868,0,0,0,0,0,0,0,0,0,0,0,0,0,0,0,0,0,0,0,0,0,0,0,0,0,0,0,0,0,0,0,0,0,0,0,0,0,0,0,0,0,0,0
4659,77,5,19,56,109,183,278,394,531,689,868,0,0,0,0,0,0,0,0,0,0,0,0,0,0,0,0,0,0,0,0,0,0,0,0,0,0,0,0,0,0,0,0,0,0,0,0,0,0,0,0,0,0,0
4662,77,0,7,37,6,0,2,2,0,0,11,1,1,1,7,12,14,17,21,24,24,100,100,100,97,98,98,98,98,98,98,100,25,17,78,100,93,94,100,100,89,5,5,5,31,48,53,60,70,78,78,2,100,0
4664,77,5,19,56,109,183,278,394,531,689,800,0,0,0,0,0,0,0,0,0,1,0,0,0,0,0,0,0,0,0,100,0,0,0,0,0,0,0,0,0,4,0,0,0,0,0,0,0,0,0,3,0,3,0
4666,77,0,1,0,2,0,0,0,0,6,0,2,3,7,8,12,15,19,21,22,27,100,100,100,100,100,100,100,100,100,100,200,75,117,89,100,100,106,100,92,100,13,16,35,37,47,55,65,70,73,85,2,100,1
4670,77,5,19,56,109,183,278,394,531,689,868,0,0,0,0,0,0,0,0,0,0,0,0,0,0,0,0,0,0,0,0,0,0,0,0,0,0,0,0,0,0,0,2,2,2,2,2,2,2,2,2,0,3,0
4674,77,0,7,37,65,125,206,308,431,471,582,1,1,1,2,2,2,2,2,6,7,100,100,100,100,100,100,100,100,94,95,100,25,17,22,17,13,11,10,25,26,3,8,8,11,11,11,11,11,22,27,0,25,0
4675,77,0,3,26,65,73,110,152,194,219,248,1,2,2,2,7,9,12,15,17,22,100,100,100,100,91,88,89,88,88,88,100,50,33,22,58,60,67,71,71,81,5,11,11,11,25,31,40,48,54,69,2,97,1
4677,77,0,7,37,83,150,238,347,477,628,800,1,1,1,1,1,1,1,1,1,1,100,100,100,100,100,100,100,100,100,100,100,25,17,11,8,7,6,5,4,4,3,3,3,3,3,3,3,3,3,3,0,6,0
4682,77,0,7,17,49,22,18,2,11,43,20,1,1,3,3,8,14,17,18,18,23,100,100,100,100,94,96,96,96,96,97,100,25,50,33,67,93,94,86,75,85,3,3,14,14,32,52,60,62,62,75,2,100,1
4686,77,5,19,56,109,183,278,394,531,689,868,0,0,0,0,0,0,0,0,0,0,0,0,0,0,0,0,0,0,0,0,0,0,0,0,0,0,0,0,0,0,0,0,0,0,0,0,0,0,0,0,0,0,0
4688,77,0,0,5,2,0,2,2,0,0,0,1,4,5,8,12,14,17,21,24,28,100,100,100,99,99,99,99,100,99,99,100,100,83,89,100,93,94,100,100,104,5,23,28,37,47,52,63,73,81,89,2,100,1
4689,77,5,7,37,83,150,238,347,477,628,800,0,1,1,1,1,1,1,1,1,1,0,100,100,100,100,100,100,100,100,100,0,25,17,11,8,7,6,5,4,4,0,3,3,3,3,3,3,3,3,3,0,6,0
4691,77,0,3,17,34,18,39,0,11,2,18,1,2,3,4,9,10,18,18,23,24,100,100,100,100,96,91,88,88,88,87,100,50,50,44,75,67,100,86,96,89,3,13,18,21,35,37,60,60,73,76,2,100,1
4692,77,0,7,37,83,150,206,2,20,0,0,1,1,1,1,1,2,17,17,24,27,100,100,100,100,100,100,100,100,100,100,100,25,17,11,8,13,94,81,100,100,3,3,3,3,5,11,56,60,81,88,2,100,1
4693,77,5,19,17,49,102,0,2,6,6,2,0,0,3,3,3,15,17,19,22,26,0,0,100,100,100,97,98,98,97,97,0,0,50,33,25,100,94,90,92,96,0,0,14,14,14,51,56,62,70,81,2,94,1
4694,77,0,7,17,49,102,0,2,6,6,0,1,1,3,3,3,15,17,19,22,27,100,100,100,100,100,99,100,100,98,99,100,25,50,33,25,100,94,90,92,100,3,8,16,16,16,50,55,61,69,83,2,94,1
4695,77,0,7,28,67,127,208,11,2,2,20,1,1,2,2,2,2,15,20,23,23,100,100,100,100,100,100,99,98,98,98,100,25,33,22,17,13,83,95,96,85,5,8,13,13,13,13,50,63,76,76,2,94,1
4698,77,5,19,56,109,183,278,394,531,689,868,0,0,0,0,0,0,0,0,0,0,0,0,0,0,0,0,0,0,0,0,0,0,0,0,0,0,0,0,0,0,0,0,0,0,0,0,0,0,0,0,0,0,0
4699,77,0,7,37,83,150,238,347,387,0,11,1,1,1,1,1,1,1,3,24,24,100,100,100,100,100,100,100,100,100,100,100,25,17,11,8,7,6,14,100,89,3,5,5,8,8,8,8,14,74,74,2,86,1
4700,77,0,3,17,49,102,176,271,387,524,682,1,2,3,3,3,3,3,3,3,3,100,100,100,100,100,100,100,100,100,100,100,50,50,33,25,20,17,14,13,11,11,13,16,16,16,16,16,16,16,16,0,11,0
4701,77,0,3,13,38,11,11,18,39,69,110,1,2,4,4,9,12,15,16,17,18,100,100,100,100,99,97,96,95,96,95,100,50,67,44,75,80,83,76,71,67,5,13,19,19,35,43,51,54,56,59,2,94,0
4702,77,5,19,37,83,125,206,271,308,431,505,0,0,1,1,2,2,3,5,5,7,0,0,100,100,100,100,92,94,94,93,0,0,17,11,17,13,17,24,21,26,0,0,5,5,8,8,14,20,20,25,0,25,0
4703,77,0,3,8,15,24,29,47,86,56,68,1,2,6,8,10,14,14,14,21,26,100,100,99,99,99,99,99,99,99,99,100,50,100,89,83,93,78,67,88,96,5,13,25,34,39,50,50,50,68,81,2,100,1
4704,77,0,3,9,11,43,96,144,232,341,434,1,2,4,6,6,6,7,7,7,8,100,100,100,100,100,100,100,100,100,100,100,50,67,67,50,40,39,33,29,30,8,11,17,22,22,22,25,25,25,28,1,42,0
4706,77,0,0,0,0,0,0,0,0,2,2,1,4,6,9,12,15,18,21,23,26,100,100,100,100,98,98,98,97,97,97,100,100,100,100,100,100,100,100,96,96,8,21,30,40,47,57,66,74,78,85,2,100,1
4707,77,5,3,5,0,0,0,11,0,0,0,0,2,6,9,12,15,15,21,24,29,0,100,100,98,96,96,96,96,97,97,0,50,100,100,100,100,83,100,100,107,0,11,22,35,43,51,55,70,77,90,2,100,1
4718,77,0,3,26,65,125,206,308,431,575,740,1,2,2,2,2,2,2,2,2,2,100,100,100,100,100,100,100,100,100,100,100,50,33,22,17,13,11,10,8,7,5,16,16,16,16,16,16,16,16,16,0,11,0
4720,77,5,7,17,49,61,121,202,304,427,571,0,1,3,3,5,5,5,5,5,5,0,100,85,85,84,84,84,84,84,84,0,25,50,33,42,33,28,24,21,19,0,5,11,11,17,17,17,17,17,17,0,91,1
4722,77,0,1,17,49,102,176,271,387,524,682,1,3,3,3,3,3,3,3,3,3,100,100,100,100,100,100,100,100,100,100,100,75,50,33,25,20,17,14,13,11,8,14,14,14,14,14,14,14,14,14,0,100,0
4729,77,0,7,26,65,125,206,308,431,575,740,1,1,2,2,2,2,2,2,2,2,100,100,100,100,100,100,100,100,100,100,100,25,33,22,17,13,11,10,8,7,3,5,11,11,11,11,11,11,11,11,0,11,0
4732,77,0,3,26,65,125,206,308,265,381,518,1,2,2,2,2,2,2,6,6,6,100,100,100,100,100,100,100,88,88,88,100,50,33,22,17,13,11,29,25,22,5,13,13,13,13,13,13,30,30,30,0,100,0
4733,77,5,1,0,0,2,0,0,0,0,0,0,3,6,9,11,15,18,21,24,27,0,100,100,100,100,100,100,100,100,100,0,75,100,100,92,100,100,100,100,100,0,11,20,29,35,53,67,77,84,90,2,100,1
4735,77,0,3,17,7,21,44,83,100,134,187,1,2,3,7,9,11,11,17,18,18,100,100,100,100,100,100,100,100,100,100,100,50,50,78,75,73,61,81,75,67,5,11,14,25,31,40,42,60,62,62,2,100,1
4737,77,0,1,0,2,20,36,82,149,181,214,1,3,6,8,8,10,10,10,12,14,100,100,100,100,100,100,100,100,100,100,100,75,100,89,67,67,56,48,50,52,5,16,30,37,37,42,42,42,47,53,1,100,1
4738,77,5,19,56,109,183,278,394,531,689,868,0,0,0,0,0,0,0,0,0,0,0,0,0,0,0,0,0,0,0,0,0,0,0,0,0,0,0,0,0,0,0,0,0,0,0,0,0,0,0,0,0,0,0
4741,77,5,19,37,65,125,176,271,387,524,509,0,0,1,2,2,3,3,3,3,7,0,0,100,100,100,100,100,100,100,100,0,0,17,22,17,20,17,14,13,26,0,0,11,13,13,16,16,18,18,31,0,100,1
4742,77,0,1,4,0,0,2,16,48,101,175,1,3,5,9,12,14,15,15,15,15,100,100,100,100,100,100,100,100,100,100,100,75,83,100,100,93,83,71,63,56,3,9,15,27,36,42,45,45,45,45,1,92,1
4744,77,5,19,56,109,183,278,394,531,689,868,0,0,0,0,0,0,0,0,0,0,0,0,0,0,0,0,0,0,0,0,0,0,0,0,0,0,0,0,0,0,0,0,0,0,0,0,0,0,0,0,0,0,0
4750,77,0,3,17,49,80,147,202,304,427,571,1,2,3,3,4,4,5,5,5,5,100,100,100,100,100,100,100,100,100,100,100,50,50,33,33,27,28,24,21,19,5,11,14,16,19,19,24,24,24,24,0,19,0
4755,77,0,3,9,17,49,102,176,271,382,492,1,2,4,6,6,6,6,6,7,11,100,100,100,100,100,100,100,100,100,99,100,50,67,67,50,40,33,29,29,41,13,16,25,34,34,34,34,34,36,46,1,42,0
4757,77,5,7,37,83,150,238,290,406,543,701,0,1,1,1,1,1,3,3,3,3,0,100,100,100,100,100,86,86,86,86,0,25,17,11,8,7,17,14,13,11,0,3,3,3,3,3,11,11,11,11,0,11,0
4763,77,0,7,37,34,73,133,81,127,194,282,1,1,1,5,5,5,13,13,13,13,100,100,89,89,89,89,86,86,86,86,100,25,17,56,42,33,72,62,54,48,3,3,3,17,17,17,41,41,41,41,1,86,1
4765,77,5,7,37,83,150,238,347,477,628,800,0,1,1,1,1,1,1,1,1,1,0,100,100,100,100,100,100,100,100,100,0,25,17,11,8,7,6,5,4,4,0,3,3,3,5,5,5,5,5,5,0,6,0
4769,77,0,1,9,11,2,11,0,6,31,77,1,3,4,6,11,12,19,19,19,19,100,100,100,100,99,99,96,96,96,96,100,75,67,67,92,80,106,90,79,70,5,18,23,30,45,47,65,65,65,65,2,100,1
4783,77,5,19,56,109,183,278,394,531,689,868,0,0,0,0,0,0,0,0,0,0,0,0,0,0,0,0,0,0,0,0,0,0,0,0,0,0,0,0,0,0,0,0,0,0,0,0,0,0,0,0,0,0,0
4784,77,0,0,5,18,13,33,41,57,78,89,1,4,5,6,10,11,17,18,21,23,100,87,87,89,90,88,87,87,88,87,100,100,83,67,83,73,94,86,88,85,3,23,26,28,39,42,57,60,68,73,2,94,1
4786,77,0,1,0,11,0,2,11,0,0,0,1,3,6,6,12,14,15,21,24,27,100,100,99,99,94,96,96,95,93,93,100,75,100,67,100,93,83,100,100,100,5,16,25,27,46,55,58,75,81,87,2,100,1
4788,77,5,19,56,109,183,278,394,531,689,868,0,0,0,0,0,0,0,0,0,0,0,0,0,0,0,0,0,0,0,0,0,0,0,0,0,0,0,0,0,0,0,0,0,0,0,0,0,0,0,0,0,50,1
4790,77,0,1,0,11,20,59,119,200,302,425,1,3,6,6,8,8,8,8,8,8,100,100,98,98,94,94,94,94,94,94,100,75,100,67,67,53,44,38,33,30,11,18,34,34,39,39,39,39,39,39,1,100,1
4791,77,0,3,0,2,0,0,4,22,0,11,1,2,6,8,12,15,17,17,24,24,100,100,100,98,98,97,96,96,95,95,100,50,100,89,100,100,94,81,100,89,5,13,28,35,50,57,61,61,78,78,2,100,1
4792,77,5,19,56,109,150,238,347,477,628,800,0,0,0,0,1,1,1,1,1,1,0,0,0,0,100,100,100,100,100,100,0,0,0,0,8,7,6,5,4,4,0,0,0,0,3,3,3,3,3,3,0,3,0
4794,77,0,1,0,11,2,0,0,2,2,0,1,3,6,6,11,15,18,20,23,27,83,96,90,90,86,88,89,88,88,87,100,75,100,67,92,100,100,95,96,100,5,16,28,30,45,55,62,67,75,86,2,100,1
4796,77,5,19,56,109,183,278,394,531,689,868,0,0,0,0,0,0,0,0,0,0,0,0,0,0,0,0,0,0,0,0,0,0,0,0,0,0,0,0,0,0,0,0,0,0,0,0,0,0,0,0,0,0,0
4798,77,5,3,26,49,102,176,271,387,524,682,0,2,2,3,3,3,3,3,3,3,100,100,100,100,100,100,100,100,100,100,0,50,33,33,25,20,17,14,13,11,0,13,13,16,16,16,16,16,16,16,0,11,0
4799,77,5,19,56,109,183,278,394,477,628,11,0,0,0,0,0,0,0,1,1,24,0,0,0,0,0,0,0,100,99,99,0,0,0,0,0,0,0,5,4,89,0,0,0,0,0,0,0,5,5,73,2,92,0
4800,77,0,7,26,54,70,61,75,43,50,59,1,1,2,3,7,12,15,20,23,25,100,100,100,93,94,91,92,90,89,90,100,25,33,33,58,80,83,95,96,93,3,5,8,11,23,38,47,61,70,76,2,89,1
4803,77,5,19,26,65,125,206,96,119,77,96,0,0,2,2,2,2,9,11,16,18,0,0,100,100,100,100,89,88,87,88,0,0,33,22,17,13,50,52,67,67,0,0,11,11,11,11,40,45,60,66,2,100,1
4805,77,0,1,0,4,15,29,43,63,4,11,1,3,7,9,10,13,17,17,23,28,100,100,98,96,95,88,87,87,87,86,100,75,117,100,83,87,94,81,96,104,5,16,33,38,42,52,65,65,79,90,2,100,1
4815,77,0,7,37,83,125,206,308,431,575,740,1,1,1,1,2,2,2,2,2,2,100,100,100,100,94,94,94,94,94,94,100,25,17,11,17,13,11,10,8,7,3,3,3,3,13,13,13,13,13,13,0,11,0
4816,77,5,7,26,65,125,147,235,265,239,165,0,1,2,2,2,4,4,6,10,16,0,100,100,100,100,95,95,95,90,92,0,25,33,22,17,27,22,29,42,59,0,11,13,13,13,27,27,34,47,64,1,100,1
4826,77,5,19,56,109,183,278,308,316,319,11,0,0,0,0,0,0,2,7,11,24,0,0,0,0,0,0,100,100,100,100,0,0,0,0,0,0,11,33,46,89,0,0,0,0,0,0,13,27,38,75,2,92,0
4831,77,0,3,9,12,19,26,33,40,58,54,1,2,4,8,11,14,17,20,20,28,100,100,100,100,97,93,92,90,90,90,100,50,67,89,92,93,94,95,83,104,5,13,21,32,40,48,56,64,64,86,2,92,1
4835,77,0,0,0,2,0,2,0,0,0,0,1,4,6,8,12,14,18,21,24,27,100,100,100,100,100,100,100,100,100,100,100,100,100,89,100,93,100,100,100,100,5,19,27,35,47,53,64,74,81,88,2,100,1
4837,77,0,7,0,6,31,77,144,232,341,471,1,1,6,7,7,7,7,7,7,7,100,100,98,98,98,98,98,98,98,98,100,25,100,78,58,47,39,33,29,26,3,8,25,27,27,27,27,27,27,27,0,100,1
4838,77,5,19,56,109,183,278,394,531,689,868,0,0,0,0,0,0,0,0,0,0,0,0,0,0,0,0,0,0,0,0,0,0,0,0,0,0,0,0,0,0,0,0,0,0,0,0,0,0,0,0,0,92,1
4839,77,0,0,0,0,0,0,0,0,0,0,1,4,6,9,12,15,18,21,24,29,100,100,100,100,100,100,100,100,100,100,100,100,100,100,100,100,100,100,100,107,5,19,27,38,47,56,65,75,81,92,2,100,1
4841,77,0,3,13,33,35,11,11,11,14,25,1,2,4,5,8,12,15,18,22,24,100,100,100,93,92,91,87,88,88,87,100,50,67,56,67,80,83,86,92,89,5,13,21,28,37,48,58,68,77,81,2,97,1
4850,77,0,0,0,0,0,0,0,0,0,0,1,4,7,10,12,15,19,21,24,29,100,100,100,100,100,100,100,100,100,100,100,100,117,111,100,100,106,100,100,107,8,21,33,41,46,55,67,73,80,91,2,100,1
4859,77,0,3,0,6,31,77,59,119,200,6,1,2,6,7,7,7,11,11,11,25,100,100,96,96,96,96,94,94,94,90,100,50,100,78,58,47,61,52,46,93,5,16,37,39,39,39,50,50,50,84,2,100,1
4860,77,0,3,5,14,0,0,0,6,6,6,1,2,5,7,12,15,18,19,22,25,100,100,100,100,100,100,100,100,100,100,100,50,83,78,100,100,100,90,92,93,5,11,26,31,46,55,63,68,77,83,2,100,1
4872,76,5,29,96,251,544,894,1286,1698,2164,2672,2,4,4,4,4,4,4,4,4,4,100,100,100,100,100,100,100,100,100,100,40,36,24,9,8,7,7,6,5,5,2,4,4,4,4,4,4,4,4,4,0,21,0
4886,76,13,64,159,342,663,1041,1461,1901,2395,2931,0,0,0,0,0,0,0,0,0,0,0,0,0,0,0,0,0,0,0,0,0,0,0,0,0,0,0,0,0,0,0,0,0,0,0,0,0,0,0,0,0,3,0
4888,76,13,26,60,200,347,641,512,735,1012,1331,0,4,7,7,14,14,33,33,33,33,0,97,99,99,99,99,95,87,87,87,0,36,41,16,27,23,53,47,43,40,0,4,7,7,14,14,34,34,34,34,1,24,0
4899,76,13,64,159,346,648,789,994,1243,699,753,0,0,0,0,1,8,13,16,41,46,0,0,0,0,100,100,100,98,97,97,0,0,0,0,2,13,21,23,54,56,0,0,0,0,1,8,13,16,43,48,1,79,1
4900,76,8,34,107,262,555,792,842,1158,1504,1596,1,3,4,4,4,9,18,19,21,31,100,100,97,97,95,93,93,93,92,92,20,27,24,9,8,15,30,28,28,38,1,3,4,4,4,9,19,20,22,32,1,52,1
4905,76,16,81,197,419,538,363,0,5,14,35,0,0,0,1,14,47,82,91,94,100,0,0,0,86,82,76,80,85,81,83,0,0,0,2,20,57,100,101,97,97,0,0,0,0,12,40,70,78,81,86,2,94,1
4907,76,2,32,79,227,513,856,1241,1646,2105,2606,3,3,5,5,5,5,5,5,5,5,100,100,83,83,83,83,83,83,83,83,60,27,29,12,10,8,8,7,7,6,3,3,5,5,5,5,5,5,5,5,0,6,0
4908,76,0,0,0,84,136,148,0,4,1,27,7,11,21,21,45,63,77,81,91,91,100,100,99,99,90,88,85,85,85,85,140,100,124,37,71,82,100,95,99,92,6,9,18,18,40,56,69,72,81,81,2,88,1
4919,76,9,6,9,69,26,47,24,20,51,34,1,9,16,23,52,60,72,75,80,87,100,87,87,81,82,79,79,80,81,82,17,69,76,44,87,80,96,90,90,92,0,8,14,21,47,55,66,69,73,80,2,100,1
4921,76,0,2,3,95,6,59,64,20,3,1,5,9,15,16,52,53,60,67,79,87,100,100,100,94,93,91,92,93,95,92,100,82,83,33,93,79,90,89,96,99,4,8,14,15,51,52,59,66,78,86,2,94,1
4922,76,13,64,145,362,786,1274,1806,2358,2964,2605,0,0,1,1,1,1,1,1,1,19,0,0,100,100,100,100,100,100,100,97,0,0,6,2,2,1,1,1,1,20,0,0,0,0,0,0,0,0,0,17,0,73,1
4929,76,0,0,0,69,81,46,0,7,26,81,5,13,18,21,43,56,68,71,75,76,100,97,97,97,93,87,89,89,89,89,100,108,100,43,75,82,100,93,91,86,4,12,17,20,42,55,67,70,74,75,2,88,1
4933,76,14,72,174,364,692,999,1324,1743,2216,2670,0,0,0,0,0,2,4,4,4,5,0,0,0,0,0,69,75,75,60,60,0,0,0,0,0,3,7,6,5,6,0,0,0,0,0,2,4,4,4,5,0,15,0
4938,76,0,0,0,48,0,3,0,7,5,26,5,12,18,22,50,60,63,66,74,76,100,95,96,97,98,97,97,97,97,98,100,100,100,50,100,95,100,93,96,92,5,12,18,22,52,62,65,69,77,79,2,100,1
4939,76,0,0,2,69,282,555,414,616,872,1170,7,13,17,22,23,23,42,42,42,42,83,90,93,90,90,82,82,82,82,82,100,100,89,43,40,34,62,55,51,48,6,12,16,21,22,22,41,41,41,41,1,33,0
4943,76,16,4,8,92,354,4,0,10,70,172,0,9,15,20,22,72,76,78,78,78,0,92,94,89,86,85,80,82,82,82,0,75,79,34,34,95,100,93,87,81,0,8,13,18,20,66,70,72,72,72,2,72,0
4948,76,0,0,0,0,21,0,0,9,62,157,12,16,18,47,47,68,70,72,72,72,92,94,93,93,93,90,86,87,87,87,200,133,100,100,87,100,103,94,87,81,11,15,17,46,46,66,68,70,70,70,2,82,1
4953,76,13,64,159,360,723,1143,1605,1650,2116,2624,0,0,0,0,0,0,0,10,10,10,0,0,0,0,0,0,0,89,89,89,0,0,0,0,0,0,0,14,13,12,0,0,0,0,0,0,0,10,10,10,0,30,0
4956,76,8,6,2,63,45,106,110,149,176,278,1,7,15,19,44,49,60,62,69,69,100,98,98,98,92,81,82,83,84,84,20,64,88,41,83,73,90,83,85,79,1,7,15,19,44,49,60,62,69,69,2,85,1
4961,76,13,64,159,342,663,1041,1461,1901,2395,2731,0,0,0,0,0,0,0,0,0,3,0,0,0,0,0,0,0,0,0,89,0,0,0,0,0,0,0,0,0,4,0,0,0,0,0,0,0,0,0,3,0,6,0
4963,76,0,0,18,111,234,30,86,133,138,249,5,11,11,13,28,59,59,60,65,66,100,100,100,100,100,93,93,94,94,95,100,100,65,27,51,88,88,80,80,76,5,11,11,13,28,59,59,60,65,66,2,72,1
4968,76,0,16,76,230,530,887,1286,1705,2178,2693,6,6,6,6,6,6,6,6,6,6,78,78,78,78,78,78,78,78,78,75,100,50,33,13,12,10,10,8,8,7,6,6,6,6,6,6,6,6,6,6,0,12,0
4969,76,13,64,140,246,539,787,1158,1549,1994,2481,0,0,1,4,4,7,7,7,7,7,0,100,100,100,100,100,100,100,100,100,0,0,6,9,8,12,12,10,9,9,0,0,1,4,4,7,7,7,7,7,0,12,0
4971,76,13,64,159,342,663,1041,1461,1901,2395,2931,0,0,0,0,0,0,0,0,0,0,0,0,0,0,0,0,0,0,0,0,0,0,0,0,0,0,0,0,0,0,0,0,0,0,0,0,0,0,0,0,0,0,0
4985,82,2,11,2,10,8,41,36,39,22,2,2,4,9,10,13,13,18,23,28,32,100,100,100,100,100,100,99,96,91,92,67,67,90,77,81,65,69,77,90,97,5,10,23,25,35,35,47,60,73,82,2,100,0
4987,82,2,9,20,29,49,87,128,153,216,173,2,5,7,10,11,12,14,17,18,23,100,98,98,98,98,99,95,95,96,96,67,83,70,77,65,57,56,59,60,72,5,13,18,26,30,33,38,46,48,61,2,92,1
4988,82,10,15,32,84,119,201,311,449,607,723,0,3,5,5,7,7,7,7,7,8,0,98,98,73,79,79,79,79,71,71,0,50,45,36,41,33,28,24,23,25,0,7,13,13,18,18,18,18,18,21,0,14,0
4989,82,2,11,16,33,51,63,56,55,58,71,2,4,9,9,11,16,21,27,30,30,100,100,100,100,100,98,91,92,93,93,67,67,90,69,65,76,81,90,97,91,5,10,23,23,28,43,56,71,78,78,2,100,1
5008,82,2,11,29,41,61,78,103,120,141,168,2,4,6,10,11,17,19,25,26,26,100,100,100,100,100,100,100,100,100,100,67,67,60,77,69,85,79,89,90,84,5,10,16,27,29,45,51,67,70,70,2,88,0
5010,83,2,2,15,42,74,97,93,117,179,43,1,3,3,3,4,5,7,9,9,17,100,100,100,100,100,100,100,100,94,92,50,75,50,38,40,42,54,53,47,85,7,17,17,17,20,26,33,40,40,66,2,100,1
5012,82,2,11,20,51,101,176,279,410,561,721,2,4,7,7,7,7,7,7,7,7,98,95,95,95,95,95,95,95,95,95,67,67,70,54,44,35,29,25,24,23,5,10,18,18,18,18,18,18,18,18,0,22,0
5020,82,2,15,48,107,185,288,419,578,757,945,2,3,3,3,3,3,3,3,3,3,100,100,100,100,100,100,100,100,100,100,67,50,30,23,19,15,13,11,10,10,5,8,8,8,8,8,8,8,8,8,0,13,0
5026,83,6,26,60,108,170,246,332,429,540,663,0,0,0,0,0,0,0,0,0,0,0,0,0,0,0,0,0,0,0,0,0,0,0,0,0,0,0,0,0,0,0,0,0,0,0,0,0,0,0,0,0,0,0
5031,83,6,2,15,44,51,26,0,0,0,4,1,5,5,5,7,11,16,18,20,20,25,63,63,70,75,80,86,88,88,88,25,83,63,45,54,73,100,100,100,95,7,24,24,24,35,48,64,70,77,77,2,100,1
5034,82,2,23,37,78,142,231,318,456,614,781,2,2,5,6,6,6,7,7,7,7,100,100,83,86,86,86,77,77,77,77,67,29,45,43,35,29,28,24,23,22,5,5,13,15,15,15,18,18,18,18,0,17,0
5046,83,0,0,0,0,0,0,0,2,6,0,3,4,6,8,11,12,13,15,16,19,100,100,100,100,100,100,100,96,97,97,150,100,100,100,110,100,100,94,89,100,18,27,36,43,53,56,60,66,70,80,2,92,1
5048,76,16,64,18,78,41,40,16,3,8,5,0,1,13,18,47,56,66,73,79,87,0,100,91,92,89,90,91,92,89,88,0,8,68,37,84,82,97,96,95,97,0,0,12,17,45,54,64,71,77,84,2,100,1
5069,82,10,41,95,175,274,398,550,730,930,1139,0,0,0,0,0,0,0,0,0,0,0,0,0,0,0,0,0,0,0,0,0,0,0,0,0,0,0,0,0,0,0,0,0,0,0,0,0,0,0,0,0,0,0
5077,82,10,41,95,175,274,283,414,573,752,940,0,0,0,0,0,3,3,3,3,3,0,0,0,0,100,100,100,100,100,100,0,0,0,0,0,15,13,11,10,10,0,0,0,0,0,8,8,8,8,8,0,9,0
5079,82,2,11,27,43,72,126,208,318,448,587,2,4,8,11,11,11,11,11,11,11,100,90,80,79,79,79,79,79,79,79,67,67,73,79,65,52,44,38,37,34,5,10,21,28,28,28,28,28,28,28,1,30,0
5083,82,10,41,95,175,274,398,550,730,930,1139,0,0,0,0,0,0,0,0,0,0,0,0,0,0,0,0,0,0,0,0,0,0,0,0,0,0,0,0,0,0,0,0,0,0,0,0,0,0,0,0,0,0,0
5084,82,2,19,43,102,180,283,414,573,699,880,2,2,3,3,3,3,3,3,4,4,100,100,100,100,100,100,100,100,100,100,67,33,30,23,19,15,13,11,14,13,5,5,8,8,8,8,8,8,10,10,0,13,0
5085,82,6,30,77,150,242,359,504,677,870,1072,1,1,1,1,1,1,1,1,1,1,100,100,100,100,100,100,100,100,100,100,33,17,10,8,6,5,4,4,3,3,2,2,2,2,2,2,2,2,2,2,0,4,0
5087,82,10,45,106,193,299,320,458,624,810,827,0,0,0,0,0,3,3,3,3,6,0,0,0,0,100,50,50,50,50,64,0,0,0,0,0,14,12,10,10,19,0,0,0,0,0,7,7,7,7,15,0,17,0
5088,82,6,34,72,112,151,219,249,280,378,322,1,1,3,6,8,9,13,17,18,25,100,100,81,76,79,83,85,84,86,88,33,14,25,40,44,39,48,55,56,74,2,2,7,15,20,22,32,42,45,63,2,100,1
5089,82,2,11,29,75,134,175,153,181,214,297,4,4,6,6,7,11,18,22,25,25,100,100,98,98,98,84,77,78,76,76,133,67,60,40,35,42,60,63,69,66,9,9,13,13,15,25,40,50,56,56,2,100,1
5094,82,6,30,85,120,209,333,453,626,782,977,1,1,1,4,4,4,5,5,6,6,100,100,100,100,100,100,97,97,80,80,33,17,8,27,20,17,18,16,18,17,2,2,2,9,9,9,12,12,14,14,0,52,0
5096,82,6,30,81,169,177,262,393,552,604,610,1,1,1,1,6,7,7,7,10,15,100,100,100,100,75,78,78,78,84,79,33,17,9,6,30,29,25,22,30,43,2,2,2,2,14,17,17,17,24,36,1,83,1
5097,82,2,11,20,37,38,41,76,74,80,65,2,4,7,9,13,18,18,24,28,32,100,100,99,99,94,96,96,94,95,95,67,67,70,64,76,86,69,80,90,97,5,10,17,23,33,46,46,61,71,82,2,100,1
5101,82,2,9,16,27,44,76,65,72,71,71,2,5,10,12,14,16,22,26,30,32,100,90,82,84,80,77,73,77,80,82,67,83,91,86,70,67,79,81,91,91,4,12,24,29,34,39,53,63,73,78,2,88,1
5108,82,6,20,48,107,185,288,419,578,699,628,1,5,5,5,5,5,5,5,6,11,100,88,88,88,88,88,88,88,90,88,33,71,42,33,28,23,19,17,19,33,2,12,12,12,12,12,12,12,15,28,1,25,0
5112,82,6,22,55,60,71,95,145,241,309,420,3,4,4,9,11,13,15,15,17,17,100,97,97,96,80,85,88,88,87,87,100,67,36,64,61,57,56,48,53,50,7,10,10,22,27,32,37,37,42,42,1,75,1
5118,82,10,19,32,84,155,251,375,527,699,880,0,2,4,4,4,4,4,4,4,4,100,100,100,100,100,100,100,100,100,100,0,33,40,31,25,20,17,14,14,13,0,5,10,10,10,10,10,10,10,10,0,9,0
5121,82,2,19,52,62,74,128,110,137,189,101,2,2,3,9,12,12,17,19,21,29,100,100,100,100,94,94,93,94,94,96,67,33,27,60,67,55,65,63,68,88,5,5,7,23,30,30,43,48,53,74,2,100,1
5122,82,6,20,38,58,81,106,145,170,157,132,1,4,6,8,10,13,15,19,28,32,75,79,83,88,90,91,91,92,90,91,33,67,60,62,63,65,63,66,93,100,2,10,15,21,26,34,39,50,73,85,2,100,1
5124,82,2,9,16,37,80,64,44,51,58,65,2,6,10,10,10,16,26,30,31,33,100,80,84,84,73,80,82,86,86,86,67,86,91,67,56,70,96,97,97,97,5,15,25,25,25,40,65,75,77,82,2,100,1
5127,82,2,11,20,51,49,96,171,274,190,160,2,4,7,7,11,11,11,11,18,25,100,100,95,95,96,96,96,96,95,92,67,67,70,54,69,55,46,39,62,81,5,10,18,18,29,29,29,29,48,67,2,83,0
5129,82,10,41,95,125,210,320,414,573,752,940,0,0,0,2,2,2,3,3,3,3,0,0,0,100,100,100,90,90,90,90,0,0,0,15,13,10,13,11,10,10,0,0,0,5,5,5,8,8,8,8,0,9,0
5135,82,10,26,68,149,267,430,628,760,336,226,0,2,2,2,2,2,2,4,21,32,0,100,100,100,100,100,100,97,79,77,0,33,18,13,9,7,6,11,54,78,0,4,4,4,4,4,4,8,44,68,2,100,1
5136,82,10,45,106,193,299,430,589,776,983,940,0,0,0,0,0,0,0,0,0,6,0,0,0,0,0,0,0,0,0,59,0,0,0,0,0,0,0,0,0,19,0,0,0,0,0,0,0,0,0,15,0,17,0
5139,82,10,19,59,125,210,320,458,624,810,1005,0,2,2,2,2,2,2,2,2,2,0,100,100,100,100,100,100,100,100,100,0,33,20,15,13,10,8,7,7,6,0,5,5,5,5,5,5,5,5,5,0,9,0
5148,82,10,19,59,125,210,320,458,624,810,1005,0,2,2,2,2,2,2,2,2,2,0,100,100,100,100,100,100,100,100,100,0,33,20,15,13,10,8,7,7,6,0,5,5,5,5,5,5,5,5,5,0,88,1
5154,82,2,11,24,51,38,67,112,202,325,326,2,6,8,9,14,15,16,16,16,20,100,56,64,74,82,83,83,83,83,86,67,75,67,60,78,68,62,48,47,56,4,14,19,21,33,35,38,38,38,47,1,88,1
5160,82,10,31,68,92,157,239,34,30,0,2,2,4,4,8,8,9,23,28,35,36,75,88,70,80,80,76,76,75,77,77,50,57,33,53,40,36,77,82,100,97,4,9,9,18,18,20,53,65,81,83,2,91,1
5164,82,2,9,34,59,99,109,171,198,159,235,4,5,5,9,11,16,18,22,29,29,100,90,90,79,75,70,67,68,70,68,133,83,42,53,48,57,55,58,74,71,8,10,10,19,23,34,38,46,61,61,2,83,1
5165,82,6,20,22,48,86,143,130,173,195,278,1,4,7,8,9,10,15,17,20,20,100,94,90,91,92,84,79,80,81,81,33,67,70,57,50,45,58,57,65,61,2,10,17,20,23,25,38,43,51,51,2,52,0
5168,82,10,41,43,110,129,225,204,273,176,266,0,0,3,3,6,6,11,13,20,20,0,0,100,100,98,98,79,72,81,81,0,0,30,20,33,27,41,42,63,59,0,0,7,7,15,15,27,32,50,50,1,83,1
5176,82,2,11,0,2,0,0,0,0,0,2,3,4,12,14,20,22,26,31,32,33,100,100,87,90,94,94,95,94,94,94,100,67,100,93,111,100,100,100,100,97,7,10,30,35,50,55,65,77,80,82,2,100,1
5177,82,6,22,52,85,133,211,314,445,432,429,1,3,4,7,8,9,9,9,13,18,100,97,97,90,90,88,88,88,88,90,33,50,33,47,44,41,35,30,42,55,2,7,10,17,20,23,23,23,33,46,1,67,1
5197,82,2,11,20,51,101,176,279,410,561,721,2,5,8,8,8,8,8,8,8,8,100,75,86,86,86,86,86,86,86,86,67,71,73,57,47,38,32,28,27,25,5,13,21,21,21,21,21,21,21,21,0,22,0
5199,82,6,20,40,89,122,147,193,263,343,433,1,6,10,10,15,24,25,26,28,28,100,68,54,54,51,57,55,55,54,51,33,86,67,53,63,86,76,67,70,67,2,12,20,20,31,50,52,54,58,58,2,79,1
5203,82,10,49,117,211,324,462,628,718,759,947,0,0,0,0,0,0,0,2,5,5,0,0,0,0,0,0,0,32,49,49,0,0,0,0,0,0,0,7,16,15,0,0,0,0,0,0,0,5,12,12,0,9,0
5208,82,10,45,34,86,159,268,413,586,779,981,0,0,5,5,5,5,5,5,5,5,0,0,79,79,79,79,79,79,79,79,0,0,45,36,28,21,18,16,15,14,0,0,12,12,12,12,12,12,12,12,0,58,1
5209,82,6,30,39,75,139,178,281,412,563,723,1,1,4,5,5,7,7,7,7,7,100,80,87,90,92,84,84,84,84,84,33,17,40,38,31,35,29,25,24,23,2,2,10,13,13,18,18,18,18,18,0,21,0
5215,82,10,19,65,93,153,249,373,525,605,634,0,3,3,6,7,7,7,7,9,14,100,75,75,81,73,73,73,73,79,74,0,43,23,38,37,30,26,23,28,41,0,7,7,15,17,17,17,17,22,35,1,57,0
5217,82,10,41,95,175,274,398,550,730,930,1139,0,0,0,0,0,0,0,0,0,0,0,0,0,0,0,0,0,0,0,0,0,0,0,0,0,0,0,0,0,0,0,0,0,0,0,0,0,0,0,0,0,0,0
5221,82,10,22,55,114,139,223,308,409,560,716,0,3,3,3,5,6,7,8,8,9,0,100,100,100,100,100,100,100,100,100,0,50,30,23,31,29,28,28,27,28,0,7,7,7,13,15,18,21,21,23,0,75,1
5224,82,6,11,20,33,58,112,194,242,248,345,1,4,7,9,10,10,10,12,16,16,100,100,100,100,100,100,100,100,100,100,33,67,70,69,63,50,42,43,55,52,2,10,18,24,27,27,27,32,43,43,1,46,0
5225,82,6,20,34,25,32,39,46,53,60,67,1,4,9,13,18,22,27,31,32,34,100,100,86,88,83,83,86,88,88,89,33,67,82,93,95,96,96,97,97,97,2,9,21,31,43,53,65,75,78,82,2,100,1
5228,82,10,30,77,127,212,322,460,626,812,1007,0,1,1,2,2,2,2,2,2,2,0,100,95,95,95,95,95,95,95,95,0,17,10,15,13,10,8,7,7,6,0,2,2,5,5,5,5,5,5,5,0,4,0
5233,82,2,19,28,77,118,98,180,290,356,481,2,2,5,5,7,13,13,13,15,15,100,100,100,100,100,96,85,85,87,87,67,33,50,36,37,57,48,42,47,44,5,5,12,12,17,32,32,32,37,37,1,79,1
5234,82,6,22,38,50,70,117,142,188,230,213,1,3,6,10,11,11,14,16,18,23,100,100,98,96,96,96,94,94,94,93,33,50,60,77,69,55,58,57,62,74,2,8,16,27,29,29,37,43,48,62,2,100,1
5235,82,2,9,16,23,36,43,65,51,58,65,4,6,10,13,15,17,19,30,32,32,100,98,95,95,94,95,96,92,92,93,133,100,100,100,94,85,76,100,103,97,10,17,27,36,41,46,51,78,83,83,2,100,1
5237,82,2,6,4,28,39,41,70,111,9,2,2,5,8,8,10,13,15,17,30,31,100,97,95,95,94,95,93,95,93,93,67,83,80,62,63,65,60,59,100,97,5,13,21,21,26,34,39,44,78,81,2,100,1
5243,82,2,9,16,23,34,8,25,0,0,0,3,5,10,13,14,18,20,31,32,35,100,94,91,91,92,89,89,87,86,86,100,83,91,93,82,86,77,103,103,106,7,12,25,33,35,46,51,79,82,90,2,100,1
5245,82,6,30,77,150,242,359,504,677,870,1072,1,1,1,1,1,1,1,1,1,1,100,100,100,100,100,100,100,100,100,100,33,17,10,8,6,5,4,4,3,3,2,2,2,2,2,2,2,2,2,2,0,9,0
5249,82,2,11,31,76,140,41,102,120,208,181,2,4,6,6,6,14,14,17,17,21,100,100,100,100,100,95,95,96,96,97,67,67,55,43,35,67,56,59,57,66,5,10,15,15,15,38,38,46,46,56,2,88,1
5252,82,10,41,95,175,242,359,504,677,870,1072,0,0,0,0,1,1,1,1,1,1,0,0,0,0,100,100,100,100,100,100,0,0,0,0,6,5,4,4,3,3,0,0,0,0,2,2,2,2,2,2,0,0,0
5253,82,6,30,33,62,103,107,122,174,248,325,1,1,6,7,8,11,17,18,18,20,100,100,90,92,91,95,91,90,90,91,33,17,60,54,50,55,71,64,62,65,2,2,16,18,21,29,45,48,48,54,2,65,0
5259,82,10,19,32,54,39,77,84,166,183,273,0,2,4,6,11,12,15,15,18,18,0,100,100,100,94,94,95,95,96,96,0,33,40,43,65,57,60,52,60,56,0,5,10,15,28,31,39,39,47,47,1,78,1
5260,82,2,11,25,39,61,108,183,286,409,535,4,4,8,11,11,11,11,11,12,13,100,100,100,100,100,100,100,100,100,100,133,67,80,85,69,55,46,39,41,42,10,10,21,31,31,31,31,31,34,36,1,100,1
5263,82,6,30,77,150,242,359,504,677,870,1072,1,1,1,1,1,1,1,1,1,1,100,100,100,100,100,100,100,100,100,100,33,17,10,8,6,5,4,4,3,3,2,2,2,2,2,2,2,2,2,2,0,8,0
5271,82,2,11,32,51,35,60,94,122,160,91,2,4,5,8,12,15,17,22,23,28,100,100,100,79,82,89,90,90,91,91,67,67,45,57,71,71,68,76,77,88,5,10,13,21,31,39,44,57,60,73,2,83,1
5274,82,10,4,23,68,132,221,338,483,648,822,0,5,5,5,5,5,5,5,5,5,0,97,97,97,97,97,97,97,97,97,0,83,50,38,31,25,21,18,17,16,0,13,13,13,13,13,13,13,13,13,0,17,0
5275,82,2,15,21,66,92,151,240,363,445,587,2,3,5,5,8,9,9,9,12,12,100,100,100,100,100,100,100,100,100,100,67,50,50,38,50,45,38,30,39,36,5,7,12,12,20,23,23,23,30,30,1,100,1
5276,82,6,0,4,19,19,41,51,71,32,39,1,6,8,9,12,14,19,22,29,31,100,100,100,100,100,100,100,100,95,95,33,100,80,69,75,70,79,76,97,97,2,15,21,23,31,36,50,57,76,81,2,100,1
5278,82,2,11,16,23,34,37,48,64,83,83,3,5,10,13,15,22,24,27,29,31,75,88,92,94,88,88,88,89,90,90,100,71,91,93,83,96,89,87,91,91,7,12,25,34,39,56,60,68,73,78,2,91,1
5279,82,6,30,34,57,73,93,121,171,259,270,1,1,4,6,8,11,15,17,17,22,100,100,100,100,100,86,88,89,89,91,33,17,40,46,47,52,60,59,57,69,2,2,10,15,21,28,39,44,44,57,2,87,1
5284,82,6,22,43,64,89,138,168,160,169,192,3,3,7,10,11,11,15,23,28,29,100,100,100,100,100,100,95,93,94,95,100,50,70,77,69,52,58,77,90,88,7,7,17,26,29,29,39,59,71,73,2,100,1
5286,82,10,33,64,105,130,167,142,164,259,223,0,2,3,5,9,12,17,21,21,25,0,100,100,100,88,73,80,82,82,84,0,33,30,36,47,52,63,62,60,68,0,4,6,11,20,27,39,48,48,58,2,88,1
5289,82,2,11,38,51,58,78,96,171,266,370,5,5,6,11,14,16,19,19,19,19,83,83,89,52,63,66,72,72,72,72,125,71,43,65,70,67,68,59,58,54,12,12,14,26,34,39,46,46,46,46,1,39,0
5295,82,10,11,18,27,36,50,64,53,0,0,0,5,9,11,14,19,24,29,32,33,0,100,98,98,98,93,91,92,94,94,0,83,90,85,88,90,92,97,103,100,0,12,26,31,39,51,63,75,82,85,2,100,1
5298,82,10,41,95,175,274,398,550,730,930,1139,0,0,0,0,0,0,0,0,0,0,0,0,0,0,0,0,0,0,0,0,0,0,0,0,0,0,0,0,0,0,0,0,0,0,0,0,0,0,0,0,0,9,0
5301,82,6,30,77,150,162,258,382,534,706,887,1,1,1,1,4,4,4,4,4,4,100,100,100,100,88,88,88,88,88,88,33,17,10,8,25,20,17,14,14,13,2,2,2,2,10,10,10,10,10,10,0,9,0
5306,82,10,19,43,102,180,283,414,573,752,940,0,2,3,3,3,3,3,3,3,3,0,90,90,90,90,90,90,90,90,90,0,33,30,23,19,15,13,11,10,10,0,5,8,8,8,8,8,8,8,8,0,9,0
5307,82,10,41,95,70,82,157,264,342,419,572,0,0,0,5,8,8,8,10,12,12,0,0,0,96,96,96,96,97,88,88,0,0,0,36,47,38,30,31,36,34,0,0,0,12,19,19,19,24,29,29,1,100,1
5314,82,6,30,77,154,253,246,203,247,340,444,1,1,1,1,1,5,12,15,16,16,100,100,100,100,100,99,89,89,86,88,33,17,10,7,6,24,48,52,53,50,2,2,2,2,2,13,31,39,42,42,1,67,0
5315,82,2,15,41,108,200,317,462,481,646,711,2,3,4,4,4,4,4,8,8,10,100,100,100,100,100,100,100,92,92,79,67,50,36,25,21,17,15,26,25,29,5,7,10,10,10,10,10,20,20,25,0,25,0
5317,82,6,20,38,60,103,95,112,141,150,171,1,5,7,11,11,17,22,24,29,31,50,59,73,73,66,76,79,81,84,84,33,71,64,69,58,74,81,77,91,91,2,12,17,27,30,45,57,62,74,79,2,83,1
5319,82,2,11,20,33,38,49,74,63,58,67,2,4,7,9,12,15,17,23,28,29,100,100,95,96,97,98,98,98,99,99,67,67,70,69,75,75,71,82,97,94,10,15,23,28,35,43,48,64,77,80,2,100,1
5321,82,6,20,38,62,101,103,171,192,232,157,1,4,6,8,9,14,14,19,22,32,100,97,98,97,85,87,87,85,82,79,33,67,60,57,53,64,54,59,67,91,2,9,14,19,21,34,34,46,53,78,2,100,1
5322,82,10,45,54,86,157,189,214,331,431,570,0,0,3,5,5,8,10,10,11,11,0,0,90,80,60,62,62,62,65,65,0,0,27,36,29,38,40,34,37,34,0,0,7,13,13,21,26,26,28,28,1,26,0
5323,82,14,52,79,152,196,299,253,377,521,674,0,0,2,2,4,4,9,9,9,9,0,0,63,63,69,77,77,77,77,77,0,0,18,14,24,19,36,31,30,28,0,0,5,5,10,10,23,23,23,23,0,17,0
5326,82,2,11,4,2,4,0,0,2,9,16,4,4,8,12,14,20,25,29,30,31,100,100,100,100,100,100,97,98,98,98,133,67,80,92,88,100,100,100,100,97,10,10,21,33,38,53,67,77,80,82,2,96,1
5329,82,10,41,95,109,187,290,421,580,759,947,0,0,0,3,3,3,3,3,3,3,0,0,0,100,100,100,100,100,100,100,0,0,0,23,19,15,13,11,10,10,0,0,0,8,8,8,8,8,8,8,0,4,0
5333,82,6,26,55,118,203,315,429,297,308,333,1,2,3,3,3,3,4,14,19,23,100,95,96,96,96,96,84,86,84,76,33,33,30,21,18,14,14,44,58,66,2,4,7,7,7,7,9,34,46,56,2,79,0
5334,82,6,34,55,114,192,295,426,585,764,952,1,1,4,4,4,4,4,4,4,4,100,100,65,65,65,63,63,63,63,63,33,14,36,29,24,19,16,14,13,13,2,2,10,10,10,10,10,10,10,10,0,17,0
5339,82,2,19,43,66,130,219,336,481,646,820,2,2,3,5,5,5,5,5,5,5,100,100,87,89,89,89,89,89,89,89,67,33,30,38,31,25,21,18,17,16,5,5,8,13,13,13,13,13,13,13,0,13,0
5340,82,10,19,59,125,210,320,343,488,653,827,0,2,2,2,2,2,5,5,5,5,100,100,100,100,100,100,100,100,100,100,0,33,20,15,13,10,21,18,17,16,0,5,5,5,5,5,13,13,13,13,0,17,0
5341,82,2,19,59,125,210,320,458,624,810,1005,2,2,2,2,2,2,2,2,2,2,100,100,100,100,100,100,100,100,100,100,67,33,20,15,13,10,8,7,7,6,5,5,5,5,5,5,5,5,5,5,0,9,0
5346,82,14,0,4,32,86,168,218,216,332,342,0,8,10,10,10,10,12,16,16,19,0,77,81,81,81,84,76,81,76,77,0,100,83,63,50,42,43,50,48,54,0,19,24,24,24,24,29,39,39,46,1,54,1
5349,82,2,11,32,51,101,176,279,410,561,721,3,4,5,8,8,8,8,8,8,8,100,100,100,85,85,85,85,85,85,85,100,67,45,57,47,38,32,28,27,25,7,10,13,21,21,21,21,21,21,21,0,22,0
5350,82,6,30,61,75,103,132,171,244,360,446,1,1,2,5,7,9,11,12,12,13,100,100,100,100,100,100,100,100,100,100,33,17,20,38,44,45,46,43,41,42,2,2,5,13,18,24,29,32,32,35,1,100,1
5356,82,10,41,95,175,274,398,550,730,930,1139,0,0,0,0,0,0,0,0,0,0,0,0,0,0,0,0,0,0,0,0,0,0,0,0,0,0,0,0,0,0,0,0,0,0,0,0,0,0,0,0,0,0,0
5361,82,2,11,28,73,78,121,203,244,170,246,2,5,6,6,10,12,12,14,21,21,100,89,92,92,94,96,96,97,95,95,67,71,55,43,56,55,46,47,68,64,5,12,15,15,25,30,30,35,53,53,2,58,0
5364,82,2,23,54,120,205,219,336,359,503,656,2,2,3,3,3,6,6,9,9,9,100,100,85,85,85,79,79,87,87,87,67,29,27,21,18,29,24,31,30,28,5,5,7,7,7,15,15,23,23,23,0,22,0
5368,82,10,11,39,102,34,71,141,244,367,256,0,4,4,4,15,15,15,15,15,23,0,100,100,100,90,90,90,90,90,85,0,67,36,27,83,65,54,47,45,66,0,9,9,9,36,36,36,36,36,56,2,87,1
5369,82,6,21,60,133,225,342,487,660,853,995,1,2,3,3,3,3,3,3,3,4,100,85,80,80,80,80,80,80,80,85,33,33,25,20,17,14,12,10,10,12,2,5,7,7,7,7,7,7,7,10,0,22,0
5370,82,10,19,59,125,210,320,458,624,810,1005,0,2,2,2,2,2,2,2,2,2,0,100,100,100,100,100,100,100,100,100,0,33,20,15,13,10,8,7,7,6,0,5,5,5,5,5,5,5,5,5,0,8,0
5398,83,0,0,0,0,0,0,0,0,0,0,2,4,6,8,10,12,13,15,17,18,100,100,100,100,100,100,100,100,100,100,100,100,100,100,100,100,100,100,100,100,12,23,30,38,46,53,57,65,73,76,2,96,1
5404,83,6,15,15,48,46,94,152,146,195,248,0,1,3,3,6,6,6,12,12,12,100,100,100,100,87,87,87,90,90,90,0,25,50,30,50,43,40,71,63,60,0,3,17,17,31,31,31,51,51,51,1,75,0
5416,83,10,37,78,133,202,285,242,325,422,471,0,0,0,0,0,0,3,3,3,4,0,0,0,0,0,0,67,67,67,75,0,0,0,0,0,0,21,19,17,21,0,0,0,0,0,0,18,18,18,22,0,13,0
5417,83,0,2,6,6,0,2,2,2,6,0,2,3,4,6,11,11,12,14,15,18,100,100,100,100,100,100,100,100,100,100,100,75,67,75,110,92,92,93,88,100,12,19,25,35,53,53,57,64,67,78,2,100,1
5419,83,6,26,60,108,170,246,332,429,540,663,0,0,0,0,0,0,0,0,0,0,0,0,0,0,0,0,0,0,0,0,0,0,0,0,0,0,0,0,0,0,0,0,0,0,0,0,0,0,0,0,0,0,0
5424,83,0,6,15,26,26,26,56,97,152,143,2,2,3,4,6,8,8,8,8,10,100,100,100,100,100,100,100,100,100,100,100,50,50,50,60,67,62,53,47,56,12,15,19,23,33,40,40,40,40,48,1,65,1
5425,83,0,2,4,24,26,42,38,49,15,40,2,3,5,5,7,8,10,11,15,15,100,100,100,86,86,88,91,92,93,93,100,75,71,56,64,62,71,69,83,79,11,18,25,25,33,37,44,48,62,62,2,58,0
5426,83,0,2,0,10,15,46,90,145,105,144,2,3,6,6,8,8,8,8,14,14,100,100,100,86,88,88,88,89,92,92,100,75,100,67,73,57,53,47,74,70,11,17,31,31,37,37,37,37,58,58,2,70,0
5434,83,0,10,48,48,103,172,219,19,0,0,2,2,2,6,6,6,7,17,25,26,100,100,83,70,70,70,61,65,65,68,100,33,20,46,40,35,39,81,100,100,8,8,11,22,22,22,29,56,78,81,2,85,1
5436,83,0,6,15,42,83,138,56,2,0,0,2,2,3,3,3,3,8,14,17,18,100,100,100,100,100,100,100,100,100,100,100,50,50,38,30,25,62,93,100,100,11,14,17,17,20,20,40,60,70,73,2,100,1
5440,83,2,17,42,67,122,191,79,127,0,4,1,1,2,3,3,3,9,9,19,19,100,100,100,100,100,100,76,76,83,83,50,20,25,30,25,21,60,53,100,95,7,7,14,17,17,17,45,45,77,77,2,79,1
5442,83,0,0,2,6,11,20,25,32,41,0,2,4,5,6,9,10,12,14,15,18,100,100,100,100,100,100,100,100,100,100,100,100,83,75,90,83,92,93,88,100,12,23,29,33,44,48,55,62,66,77,2,81,1
5446,83,6,26,60,108,170,246,286,376,480,596,0,0,0,0,0,0,1,1,1,1,0,0,0,0,0,0,100,100,100,100,0,0,0,0,0,0,8,7,6,6,0,0,0,0,0,0,4,4,4,4,0,83,1
5449,83,6,12,46,98,167,250,345,204,8,4,0,2,2,2,2,2,2,8,21,23,0,100,50,50,50,50,50,56,72,72,0,33,25,18,15,13,12,40,91,96,0,9,9,12,12,12,12,33,72,78,2,75,1
5450,83,4,14,48,42,83,92,127,71,41,0,1,3,3,6,6,8,9,15,18,21,100,75,50,50,50,64,69,77,82,84,33,43,33,55,46,53,56,83,90,100,3,16,19,29,29,39,42,60,69,78,2,100,1
5451,83,0,6,0,0,0,2,0,0,0,4,2,3,8,10,12,13,16,19,21,21,100,75,86,90,91,92,89,88,88,89,100,50,100,100,100,93,100,100,100,95,10,16,35,41,48,51,61,70,77,77,2,100,1
5452,83,6,16,61,69,124,193,272,362,466,0,0,2,2,5,5,5,5,5,5,22,100,100,50,50,50,50,38,38,38,50,0,29,20,42,36,31,29,26,24,100,0,10,13,23,23,23,25,25,25,80,2,75,1
5453,83,0,10,15,42,83,138,79,135,33,4,4,4,6,6,6,6,10,10,20,23,67,67,61,61,61,61,77,81,80,80,100,57,67,55,46,40,63,50,87,96,16,16,25,25,25,25,41,41,70,79,2,83,1
5454,83,0,4,24,58,106,170,249,212,0,0,2,3,3,3,3,3,3,6,21,22,100,100,100,100,100,67,67,80,82,84,100,60,43,33,27,21,20,35,100,100,10,16,16,16,16,16,16,31,78,81,2,83,1
5455,83,2,15,42,83,108,138,166,235,189,219,1,1,1,1,2,3,4,4,7,8,100,100,100,100,100,100,100,100,100,100,50,25,17,13,20,25,31,27,41,44,4,4,4,4,12,19,23,23,37,40,1,100,1
5457,83,0,0,0,0,0,0,0,0,0,0,3,5,7,9,11,13,16,18,19,20,83,88,92,94,94,95,92,94,94,94,100,100,100,100,100,100,114,106,100,100,14,27,36,43,50,56,66,73,76,80,2,92,1
5459,83,0,4,6,6,6,26,56,97,152,219,2,3,5,7,9,9,9,9,9,9,100,75,80,80,83,83,83,83,83,83,100,60,71,78,82,69,64,56,50,47,11,18,25,35,42,42,42,42,42,42,1,52,1
5460,83,6,26,60,108,170,246,332,429,540,663,0,0,0,0,0,0,0,0,0,0,0,0,0,0,0,0,0,0,0,0,0,0,0,0,0,0,0,0,0,0,0,0,0,0,0,0,0,0,0,0,0,87,1
5462,83,0,2,0,0,0,0,0,0,0,0,2,3,8,10,11,14,16,18,20,21,100,100,93,96,96,88,82,84,86,88,100,75,114,111,100,100,100,100,100,100,10,17,36,45,48,58,64,70,77,80,2,92,1
5464,83,6,13,33,67,115,177,249,332,429,538,0,2,2,2,2,2,2,2,2,2,0,100,100,100,100,100,100,100,100,100,0,50,33,25,20,17,15,13,12,11,0,15,15,15,15,15,15,15,15,15,0,13,0
5466,83,0,2,17,51,76,2,0,0,0,0,2,3,3,3,4,12,14,18,18,19,100,100,100,100,90,95,95,96,96,96,100,75,43,33,36,92,100,113,100,100,11,17,17,17,21,51,58,72,72,75,2,100,1
5468,83,6,8,24,26,26,60,104,159,159,226,0,2,3,5,7,7,7,7,9,9,0,100,75,80,86,86,86,88,89,90,0,40,43,56,64,54,50,44,50,47,0,11,17,27,36,36,36,36,43,43,1,96,1
5471,83,0,0,0,0,0,0,2,6,26,58,3,6,8,10,13,15,15,16,16,16,75,75,81,83,81,82,83,83,83,83,100,100,100,100,100,100,94,89,80,76,14,27,36,43,53,60,60,63,63,63,2,58,0
5473,83,2,2,21,46,94,156,228,311,408,81,1,3,3,4,4,4,4,4,4,14,100,100,100,100,100,100,100,100,100,86,50,75,38,40,33,29,27,24,21,70,3,16,16,20,20,20,20,20,20,54,2,96,1
5474,83,6,6,26,60,108,170,77,6,0,4,0,2,2,2,2,2,8,13,17,17,0,100,100,100,100,100,100,100,100,100,0,50,33,25,20,17,62,87,100,94,4,15,15,15,15,18,42,60,75,75,2,100,1
5482,83,0,2,8,24,26,15,38,72,6,13,2,3,4,5,7,10,10,10,16,17,100,100,100,88,90,93,93,93,94,95,100,75,57,56,64,77,71,63,89,89,11,18,25,31,37,48,48,48,68,72,2,100,1
5484,83,0,0,0,6,11,18,25,32,39,46,4,6,8,8,11,14,15,17,19,20,50,70,79,81,83,82,83,87,88,89,100,100,100,80,92,93,94,94,95,95,20,27,40,40,50,59,62,68,75,78,2,91,1
5485,83,0,2,0,6,15,42,79,118,136,196,2,3,6,6,7,7,7,8,9,9,100,100,100,100,100,100,100,100,100,100,100,75,100,75,70,58,54,53,53,50,12,19,33,33,37,37,37,40,44,44,1,71,1
5486,83,0,0,0,6,11,18,25,32,39,46,3,5,7,7,10,14,15,18,20,21,67,80,86,88,89,79,81,81,82,83,100,100,100,78,91,93,94,95,95,95,16,23,32,32,41,54,58,67,74,77,2,91,1
5492,83,0,8,43,98,167,42,77,120,11,18,2,2,2,2,2,10,11,11,20,21,100,100,100,100,100,88,90,89,92,92,100,40,22,18,15,67,69,58,95,95,10,10,13,13,13,43,46,46,75,78,2,100,1
5493,83,0,2,6,9,18,23,32,4,2,9,2,3,4,8,9,12,12,16,19,20,100,100,100,86,89,91,91,89,88,88,100,75,67,89,82,92,86,89,95,95,10,17,20,34,37,48,48,62,72,75,2,92,1
5494,83,6,26,60,108,170,246,332,15,42,81,0,0,0,0,0,0,0,12,12,12,0,0,0,0,0,0,0,100,100,100,0,0,0,0,0,0,0,80,71,67,0,0,0,0,0,0,0,55,55,55,2,92,1
5496,83,0,0,2,11,0,0,0,6,0,0,2,5,6,7,11,13,14,14,18,19,100,88,90,93,94,95,96,96,97,97,100,100,86,78,100,100,100,88,100,100,11,25,34,37,51,58,62,62,75,79,2,96,1
5497,83,6,0,6,8,28,46,83,6,2,13,0,4,5,9,9,11,11,17,20,20,0,100,100,60,60,58,58,64,69,69,0,100,63,82,69,69,65,89,95,91,0,19,25,37,37,43,43,62,71,71,2,100,1
5499,83,8,24,26,60,108,170,242,325,422,531,0,1,3,3,3,3,3,3,3,3,0,50,67,67,67,67,67,67,67,67,0,20,43,33,27,23,21,19,17,16,0,4,15,18,18,18,18,18,18,18,0,52,1
5502,83,2,15,26,42,83,42,22,15,15,0,1,1,2,3,3,7,10,12,14,18,100,100,100,100,100,100,100,100,100,100,50,25,33,38,30,58,77,80,82,100,4,4,12,19,19,37,48,55,62,77,2,92,1
5509,83,2,0,0,10,37,15,22,49,42,40,1,4,6,6,6,10,11,11,13,15,100,100,100,100,83,86,88,89,89,92,50,100,100,67,55,77,79,69,72,79,7,25,34,34,34,48,51,51,58,65,2,69,1
5510,83,0,2,15,42,83,138,203,279,369,471,2,3,3,3,3,3,3,3,3,3,100,100,100,100,100,100,100,100,100,100,100,75,50,38,30,25,23,20,18,17,12,19,19,19,19,19,19,19,19,19,0,11,0
5513,83,2,6,26,60,108,170,242,325,422,531,1,2,2,2,2,2,2,2,2,2,100,100,100,100,100,100,100,100,100,100,50,50,33,25,20,17,15,13,12,11,8,12,12,12,12,12,12,12,12,15,0,8,0
5516,83,6,26,60,83,138,207,286,279,272,360,0,0,0,1,1,1,1,3,5,5,0,0,0,100,100,100,100,100,100,100,0,0,0,13,10,8,8,20,29,28,0,0,0,8,8,8,11,19,29,29,0,21,0
5517,83,2,4,10,6,6,17,22,6,0,0,1,4,6,9,11,12,14,18,22,24,75,83,64,64,69,75,75,73,75,75,50,67,67,82,85,75,78,90,100,100,3,17,23,32,40,42,48,60,71,77,2,100,1
5520,83,6,26,60,108,170,246,332,429,540,663,0,0,0,0,0,0,0,0,0,0,0,0,0,0,0,0,0,0,0,0,0,0,0,0,0,0,0,0,0,0,0,0,0,0,0,0,0,0,0,0,0,0,0
5524,83,0,6,8,35,58,15,38,72,90,81,4,5,8,8,9,14,14,14,15,17,50,63,50,57,50,67,67,67,69,73,100,63,73,62,60,82,78,70,68,74,16,22,32,32,35,51,51,51,54,61,2,54,0
5526,83,6,6,26,60,108,170,242,325,422,531,0,2,2,2,2,2,2,2,2,2,0,100,100,100,100,100,100,100,100,100,0,50,33,25,20,17,15,13,12,11,0,15,15,15,15,15,15,15,15,15,0,8,0
5528,83,6,26,60,108,170,246,332,249,249,148,0,0,0,0,0,0,0,4,6,11,0,0,0,0,0,0,0,100,100,100,0,0,0,0,0,0,0,27,35,61,0,0,0,4,4,4,4,25,35,53,2,92,1
5529,82,10,11,26,52,77,136,187,249,319,150,0,6,7,9,12,13,16,19,21,29,0,73,80,80,81,78,75,74,74,74,0,86,64,56,60,54,57,58,62,81,0,14,16,21,28,30,38,45,50,69,2,100,1
5535,83,0,2,6,26,26,15,11,15,42,81,2,3,4,4,6,9,11,12,12,12,100,100,100,100,100,100,100,100,100,100,100,75,67,50,60,75,85,80,71,67,12,19,23,23,33,44,51,55,55,55,2,78,1
5546,83,6,26,60,108,170,246,332,429,540,663,0,0,0,0,0,0,0,0,0,0,0,0,0,0,0,0,0,0,0,0,0,0,0,0,0,0,0,0,0,0,0,4,4,4,4,4,4,4,4,4,0,0,0
5552,83,0,0,0,0,0,4,0,0,2,0,4,5,6,10,13,13,15,18,18,20,100,100,83,88,91,91,92,94,94,94,200,125,100,100,108,93,100,106,95,100,21,27,31,44,55,55,62,72,72,79,2,85,0
5560,83,2,15,42,83,108,170,242,325,422,531,1,1,1,1,2,2,2,2,2,2,100,100,100,100,100,100,100,100,100,100,50,25,17,13,20,17,15,13,12,11,4,4,4,8,12,12,12,12,12,12,0,8,0
5571,83,0,6,26,60,108,170,242,325,422,531,2,2,2,2,2,2,2,2,2,2,100,100,100,100,100,100,100,100,100,100,100,50,33,25,20,17,15,13,12,11,12,12,12,12,12,12,12,12,12,12,0,9,0
5573,83,4,21,55,103,165,241,327,254,330,418,1,1,1,1,1,1,1,6,6,6,50,50,33,25,25,25,25,57,57,57,50,20,14,11,9,8,7,38,33,32,7,7,11,11,11,11,11,32,32,32,1,85,1
5577,83,6,26,60,108,170,246,2,6,0,0,0,0,0,0,0,0,12,13,17,18,0,0,0,0,0,0,100,100,100,100,0,0,0,0,0,0,92,87,100,100,0,0,0,0,0,0,56,60,73,76,2,100,1
5580,83,2,17,35,76,106,168,240,323,291,58,1,1,2,2,3,3,3,3,6,14,100,100,100,100,100,100,100,100,86,91,50,20,29,22,27,23,21,19,33,74,4,7,14,14,18,18,18,21,32,60,2,77,0
5584,83,6,15,42,83,138,207,286,376,480,596,0,1,1,1,1,1,1,1,1,1,0,100,100,100,100,100,100,100,100,100,0,25,17,13,10,8,8,7,6,6,0,4,4,4,4,4,4,4,4,4,0,4,0
5585,83,0,12,32,33,6,13,20,6,2,0,2,2,4,7,12,14,15,17,21,23,100,100,75,67,74,77,79,82,81,82,100,33,40,58,86,88,88,89,95,100,12,12,21,31,46,53,56,62,75,81,2,75,0
5586,83,0,2,15,42,83,138,203,283,76,129,2,3,3,3,3,3,3,3,11,11,100,100,100,100,100,100,100,100,100,100,100,75,50,38,30,25,23,19,61,58,11,15,15,15,15,15,15,15,50,50,1,100,1
5590,83,6,26,60,108,170,246,332,429,540,663,0,0,0,0,0,0,0,0,0,0,0,0,0,0,0,0,0,0,0,0,0,0,0,0,0,0,0,0,0,0,0,0,0,0,0,0,0,0,0,0,0,0,0
5595,83,6,26,60,108,170,246,332,429,540,663,0,0,0,0,0,0,0,0,0,0,0,0,0,0,0,0,0,0,0,0,0,0,0,0,0,0,0,0,0,0,0,0,0,0,0,0,0,0,0,0,0,0,0
5596,83,2,2,2,2,2,15,11,15,26,40,1,3,5,7,9,9,11,12,13,14,100,100,100,100,100,100,100,100,100,100,50,75,83,88,90,75,85,80,76,78,4,18,31,37,44,44,51,55,58,62,2,100,1
5597,83,0,0,0,0,0,0,0,0,0,0,2,5,7,9,11,13,14,16,18,19,100,88,92,94,95,96,96,97,97,97,100,100,100,100,100,100,100,100,100,100,11,25,34,41,48,55,58,65,72,75,2,96,1
5598,83,2,6,6,26,60,108,166,235,318,413,1,2,4,4,4,4,4,4,4,4,100,100,100,100,100,100,100,100,100,100,50,50,67,50,40,33,31,27,24,22,4,12,23,23,23,23,23,23,23,23,0,17,0
5599,83,6,26,60,108,170,246,332,429,540,596,0,0,0,0,0,0,0,0,0,1,0,0,0,0,0,0,0,0,0,100,0,0,0,0,0,0,0,0,0,6,0,0,0,0,0,0,0,0,0,4,0,4,0
5605,83,4,11,18,31,45,39,48,53,62,67,1,3,5,5,7,11,11,14,15,17,100,100,100,100,100,100,100,100,100,100,50,75,83,63,70,92,85,93,88,94,8,19,29,29,37,51,51,62,66,74,2,83,1
5606,83,0,12,46,94,156,232,56,19,0,4,2,2,2,2,2,2,10,14,20,20,100,100,50,50,50,67,78,81,83,83,100,33,25,20,17,14,67,78,100,95,9,12,12,12,12,12,41,52,70,70,2,92,1
5609,83,0,10,37,78,133,202,281,131,0,4,2,2,2,2,2,2,2,8,20,20,100,100,50,50,50,50,50,67,75,75,100,40,29,22,18,15,14,47,100,95,10,10,10,13,13,13,13,36,76,76,2,88,1
5611,83,6,26,60,108,170,246,332,429,540,663,0,0,0,0,0,0,0,0,0,0,0,0,0,0,0,0,0,0,0,0,0,0,0,0,0,0,0,0,0,0,0,0,0,0,0,0,0,7,7,7,0,65,1
5612,83,6,26,60,83,138,207,286,376,480,596,0,0,0,1,1,1,1,1,1,1,0,0,0,100,100,100,100,100,100,100,0,0,0,13,10,8,8,7,6,6,0,0,0,4,4,4,4,4,4,4,0,4,0
5613,83,6,26,26,60,108,170,203,235,235,316,0,0,2,2,2,2,3,4,6,6,0,0,100,100,100,100,100,100,100,100,0,0,33,25,20,17,23,27,35,33,0,0,12,12,12,15,19,23,30,30,1,23,0
5620,83,0,0,0,6,0,0,0,2,2,0,2,4,6,6,10,12,13,14,16,18,100,100,100,100,100,100,100,100,100,100,100,100,100,75,100,100,100,93,94,100,15,23,33,33,48,55,59,62,70,77,2,92,1
5628,83,6,15,42,83,138,207,286,376,480,596,0,1,1,1,1,1,1,1,1,1,0,100,100,100,100,100,100,100,100,100,0,25,17,13,10,8,8,7,6,6,0,4,4,4,4,4,4,4,4,4,0,4,0
5629,83,6,28,69,124,193,276,369,323,272,30,0,0,0,0,0,0,0,3,6,18,0,0,0,0,0,0,0,100,92,94,0,0,0,0,0,0,0,19,33,95,0,0,0,0,0,0,0,18,32,75,2,100,1
5634,83,4,24,47,88,143,212,291,15,42,4,1,1,2,2,2,2,2,13,13,18,100,100,67,67,67,67,75,86,88,88,33,20,29,22,18,15,14,81,72,95,7,7,14,14,14,14,14,57,57,75,2,79,1
5641,83,0,2,15,26,62,117,150,182,150,217,2,3,3,4,4,4,5,6,9,9,100,100,100,100,100,100,100,100,100,100,100,75,50,50,36,31,36,38,50,47,11,18,18,22,22,25,28,32,42,42,1,52,1
5644,83,2,15,42,83,138,207,286,376,480,596,1,1,1,1,1,1,1,1,1,1,100,100,100,100,100,100,100,100,100,100,50,25,17,13,10,8,8,7,6,6,4,4,4,4,4,4,4,4,4,4,0,4,0
5649,83,2,6,26,42,83,108,134,127,120,143,2,3,3,4,4,5,6,8,10,11,50,67,67,75,75,80,83,88,91,92,67,60,43,44,36,38,43,50,56,58,8,15,15,22,22,25,32,39,46,50,1,96,1
5658,83,0,2,2,6,17,33,36,63,104,58,2,3,5,6,7,8,10,10,10,13,100,100,100,100,100,100,100,100,100,100,100,75,83,75,70,67,77,67,59,72,12,19,32,35,39,42,50,50,50,60,2,77,1
5660,83,6,26,60,108,170,246,332,378,429,538,0,0,0,0,0,0,0,1,2,2,0,0,0,0,0,0,0,50,67,67,0,0,0,0,0,0,0,7,12,11,0,0,0,0,0,0,4,11,15,15,0,9,0
5664,83,6,30,25,73,47,52,62,80,114,120,0,0,4,4,9,12,14,15,15,19,0,100,83,83,64,75,79,81,81,84,0,0,40,33,64,75,82,79,71,86,0,0,20,20,38,48,54,58,58,70,2,81,1
5666,83,0,8,26,71,133,209,56,15,6,0,2,2,3,3,3,3,11,15,18,21,100,100,100,100,100,100,88,90,92,94,100,40,38,27,23,20,69,83,90,100,9,9,15,15,15,15,45,57,65,74,2,92,1
5669,83,0,0,2,9,2,2,2,6,6,0,2,4,5,7,9,11,12,13,15,18,100,100,100,100,100,100,100,100,100,100,100,100,83,88,90,92,92,87,88,100,12,23,32,39,46,53,57,60,67,78,2,88,1
5673,83,4,24,58,106,168,244,330,427,272,0,1,1,1,1,1,1,1,1,6,19,100,100,100,100,100,100,100,100,92,96,33,20,14,11,9,8,7,6,33,100,4,4,4,4,4,4,4,4,32,78,2,92,1
5674,83,6,26,60,108,170,246,332,429,540,663,0,0,0,0,0,0,0,0,0,0,0,0,0,0,0,0,0,0,0,0,0,0,0,0,0,0,0,0,0,0,0,0,0,0,0,0,0,0,0,0,0,0,0
5676,83,2,15,42,83,83,138,203,279,332,427,1,1,1,1,3,3,3,3,4,4,100,100,100,100,100,100,100,100,100,100,50,25,17,13,30,25,23,20,24,22,7,7,7,7,21,21,21,21,25,25,0,88,1
5682,83,6,15,42,83,74,122,180,249,332,143,0,1,1,1,4,4,4,4,4,10,0,100,100,100,100,100,100,100,100,100,0,25,17,13,40,33,31,27,24,56,0,4,4,4,23,23,23,23,25,48,1,88,1
5688,83,2,6,15,42,60,83,104,129,152,180,1,2,3,3,4,5,6,7,8,9,100,100,100,100,100,100,100,100,100,100,50,50,50,38,40,42,46,47,47,50,8,15,19,19,23,29,33,37,40,44,1,78,1
5690,83,6,0,2,6,26,60,104,72,65,13,0,5,6,7,7,7,7,10,12,17,100,75,80,83,83,83,83,90,91,93,0,100,86,78,64,54,50,63,67,89,0,25,34,37,37,37,37,48,55,72,2,75,0
5699,83,6,28,69,124,168,184,224,300,180,247,0,0,0,0,1,3,4,4,9,9,0,0,0,0,100,75,83,83,93,94,0,0,0,0,9,23,29,25,50,47,0,0,0,0,7,18,25,25,42,42,1,63,1
5704,83,0,0,2,11,16,23,30,37,44,51,2,4,5,6,9,11,12,15,18,18,100,100,100,100,100,100,100,93,94,94,100,100,83,75,90,92,92,94,100,95,11,22,31,34,44,51,55,65,75,75,2,88,1
5706,83,0,4,0,0,0,0,0,0,0,0,2,3,7,10,12,14,15,17,19,20,100,80,75,80,83,86,87,88,89,89,100,60,100,100,100,100,100,100,100,100,11,20,36,46,53,60,63,70,76,80,2,100,1
5713,83,2,2,15,15,31,42,22,31,49,70,1,3,3,5,6,7,10,11,12,13,100,100,100,100,100,100,100,100,100,100,50,75,50,63,60,58,77,73,71,72,4,19,19,29,33,37,48,51,55,59,2,86,1
5720,83,0,2,2,0,0,2,2,2,2,0,2,3,5,8,10,11,12,14,16,18,100,100,100,100,100,100,100,100,100,100,100,75,83,100,100,92,92,93,94,100,11,18,28,39,46,50,53,60,67,75,2,100,1
5736,83,0,0,2,2,0,0,2,6,2,13,2,4,6,8,11,13,13,14,17,17,100,100,92,94,95,96,96,96,97,97,100,100,86,89,100,100,93,88,94,89,14,25,32,39,50,57,57,60,71,71,2,88,0
5748,77,0,7,26,65,125,206,308,431,575,740,1,1,2,2,2,2,2,2,2,2,100,100,100,100,100,100,100,100,100,100,100,25,33,22,17,13,11,10,8,7,5,11,13,13,13,13,13,13,13,13,0,14,0
5820,82,6,30,81,136,161,246,253,320,457,559,1,1,1,2,5,6,10,12,12,13,100,100,100,100,97,84,88,89,89,81,33,17,9,14,26,26,37,39,38,38,2,2,2,5,12,15,25,30,30,32,1,74,0
5843,76,13,64,159,342,663,1041,1461,1901,2395,2931,0,0,0,0,0,0,0,0,0,0,0,0,0,0,0,0,0,0,0,0,0,0,0,0,0,0,0,0,0,0,0,0,0,0,0,0,0,0,0,0,0,0,0
5846,83,0,0,0,0,0,0,0,0,0,0,3,5,7,9,11,13,14,16,19,19,67,89,93,94,95,96,96,97,98,98,100,100,100,100,100,100,100,100,106,100,15,28,37,44,51,58,62,68,79,79,2,100,0
5847,77,0,0,5,23,62,122,85,6,31,77,1,4,5,5,5,5,10,19,19,19,100,100,100,100,100,100,97,98,98,98,100,100,83,56,42,33,56,90,79,70,3,23,26,26,26,26,39,63,63,63,2,94,0
5848,77,5,19,56,109,183,278,394,531,689,868,0,0,0,0,0,0,0,0,0,0,0,0,0,0,0,0,0,0,0,0,0,0,0,0,0,0,0,0,0,0,0,0,0,0,0,0,0,0,0,0,0,0,0
5906,83,6,17,44,85,140,209,288,378,482,598,0,1,1,1,1,1,1,1,1,1,0,100,100,100,100,100,100,100,100,100,0,25,17,13,10,8,8,7,6,6,4,11,11,11,11,11,11,11,11,11,0,4,0
5917,83,2,2,6,6,26,42,79,72,90,58,1,3,4,6,6,7,7,9,10,13,100,100,100,100,100,100,100,100,100,100,50,75,67,75,60,58,54,60,59,72,4,19,23,33,33,37,37,44,48,59,2,70,1
5918,82,2,19,59,70,100,111,94,57,94,49,2,2,2,5,7,10,17,21,22,27,100,100,100,100,99,99,92,94,94,94,67,33,20,36,41,48,68,72,73,84,5,5,5,13,18,26,44,55,57,71,2,100,0
5920,76,0,0,0,54,52,29,71,77,151,267,11,17,17,19,39,54,54,60,60,60,100,100,100,100,100,100,100,100,100,100,220,155,100,44,80,90,90,88,81,75,11,18,18,20,41,58,58,64,64,64,2,55,0
5921,76,2,32,76,224,474,796,1160,1544,1982,2462,3,3,5,5,8,8,8,8,8,8,100,100,100,100,100,100,100,100,100,100,60,27,29,12,16,13,13,12,11,10,3,3,5,5,8,8,8,8,8,8,0,9,0
5924,76,5,42,64,205,484,815,1186,1577,2010,2490,2,2,6,6,6,7,7,7,8,8,100,100,100,100,100,100,100,100,100,100,40,18,35,14,12,12,12,10,11,10,2,2,6,6,6,7,7,7,8,8,0,9,0
5962,77,0,7,37,83,150,238,308,431,575,740,1,1,1,1,1,1,2,2,2,2,100,100,100,100,100,82,82,82,82,82,100,25,17,11,8,7,11,10,8,7,3,5,5,5,5,5,8,8,8,8,0,8,0
5965,82,10,41,97,184,162,258,382,534,706,887,0,0,0,0,5,5,5,5,5,5,0,0,0,0,90,90,90,90,90,90,0,0,0,0,29,24,20,17,17,16,0,0,0,0,13,13,13,13,13,13,0,67,0
6033,76,13,19,79,101,408,249,0,20,48,129,0,5,5,19,19,50,77,77,82,82,0,100,100,100,100,93,94,94,95,95,0,45,29,32,29,65,100,91,90,85,0,4,4,17,17,45,70,70,74,74,2,85,1
6124,83,6,26,60,108,170,246,332,429,540,663,0,0,0,0,0,0,0,0,0,0,0,0,0,0,0,0,0,0,0,0,0,0,0,0,0,0,0,0,0,0,0,0,0,0,0,4,4,4,4,4,0,0,0
6229,83,6,26,42,83,108,170,242,325,369,471,0,0,1,1,2,2,2,2,3,3,0,0,100,100,100,100,100,100,100,100,0,0,17,13,20,17,15,13,18,17,0,0,4,4,12,12,12,12,19,19,0,11,0
6443,83,6,26,60,108,170,246,332,429,540,663,0,0,0,0,0,0,0,0,0,0,0,0,0,0,0,0,0,0,0,0,0,0,0,0,0,0,0,0,0,0,0,0,0,0,0,0,0,0,0,0,0,0,0
